   1:			; Listing 2.
   2:			; ===============================================
   3:			; CamelForth for the Zilog Z80
   4:			; (c) 1994 Bradford J. Rodriguez
   5:			; Permission is granted to freely copy, modify,
   6:			; and distribute this program for personal or
   7:			; educational use.  Commercial inquiries should
   8:			; be directed to the author at 221 King St. E.,
   9:			; #32, Hamilton, Ontario L8N 1B5 Canada
  10:			;
  11:			; CAMEL80.AZM: Code Primitives
  12:			;   Source code is for the Z80MR macro assembler.
  13:			;
  14:			; (C) 2014 jsievers@nadisoft.de @notwendiger
  15:			; - modify IO words for SEL Z80 Trainer.
  16:			; - restructured for zmac assembler.
  17:			; - add camelSEL.azm implements SEL Z80 Trainer
  18:			;   words.
  19:			;
  20:			;   Forth words are documented as follows:
  21:			;x   NAME     stack -- stack    description
  22:			;   where x=C for ANS Forth Core words, X for ANS
  23:			;   Extensions, Z for internal or private words.
  24:			;
  25:			; Direct-Threaded Forth model for Zilog Z80
  26:			; 16 bit cell, 8 bit char, 8 bit (byte) adrs unit
  27:			;    Z80 BC = Forth TOS (top Param Stack item)
  28:			;        HL =       W    working register
  29:			;        DE =       IP   Interpreter Pointer
  30:			;        SP =       PSP  Param Stack Pointer
  31:			;        IX =       RSP  Return Stack Pointer
  32:			;        IY =       UP   User area Pointer
  33:			;    A, alternate register set = temporaries
  34:			;
  35:			; Revision history:
  36:			;   19 Aug 94 v1.0
  37:			;   25 Jan 95 v1.01  now using BDOS function 0Ah
  38:			;       for interpreter input; TIB at 82h.
  39:			;   02 Mar 95 v1.02  changed ALIGN to ALIGNED in
  40:			;       S" (S"); changed ,BRANCH to ,XT in DO.
  41:			; ===============================================
  42:			; Macros to define Forth headers
  43:			; HEAD  label,length,name,action
  44:			; IMMED label,length,name,action
  45:			;    label  = assembler name for this word
  46:			;             (special characters not allowed)
  47:			;    length = length of name field
  48:			;    name   = Forth's name for this word
  49:			;    action = code routine for this word, e.g.
  50:			;             DOCOLON, or DOCODE for code words
  51:			; IMMED defines a header for an IMMEDIATE word.
  52:			;
  53:			
  54:				include SELRom.inc
**** /home/juergen/Projects/zilogz80-code/SELZ80Trainer/ROMS/SELRom.inc ****
   1:	4000          	SELNOTUSED equ 4000h
   2:	1000          	SELRAMSTART equ 1000h
   3:	FFFF          	SELRAMEND equ 0FFFFh
   4:	0000          	IC8279_Data equ 0
   5:	0001          	IC8279_Ctrl equ 1
   6:	0002          	IC8279_Data_mirrow equ 2
   7:	0003          	IC8279_Ctrl_mirrow equ 3
   8:	0004          	PIO_8255_PortA equ 4
   9:	0005          	PIO_8255_PortB equ 5
  10:	0006          	PIO_8255_PortC equ 6
  11:	0007          	PIO_8255_CntrlStatus equ 7
  12:	0007          	FIFOMSK equ 7			; Maske	für Zeichenzahl
  13:	000F          	LSD equ 0Fh		; Last signifikant digit
  14:	001F          	KBMASK equ 1Fh		; Maske	auf Maximalcode
  15:	0080          	WRDIS equ 80h		; Schreibkommando zum Display
  16:	00C2          	CLFIFO equ 0C2h
  17:	0008          	LS73_90_P8 equ 8
  18:	0009          	LS73_90_P9 equ 9
  19:	000A          	LS73_90_PA equ 0Ah
  20:	000B          	LS73_90_PB equ 0Bh
  21:	000C          	BinIO_PC equ 0Ch
  22:	000D          	BinIO_PD equ 0Dh
  23:	000E          	BinIO_PE equ 0Eh
  24:	000F          	BinIO_PF equ 0Fh
  25:	0010          	UserDisplay_1 equ 10h		; MSD
  26:	0011          	UserDisplay_2 equ 11h
  27:	0012          	UserDisplay_3 equ 12h
  28:	0013          	UserDisplay_4 equ 13h
  29:	0014          	UserDisplay_5 equ 14h
  30:	0015          	UserDisplay_6 equ 15h		; LSD
  31:	0016          	BlankPort_16 equ 16h
  32:	0017          	BlankPort_16mirrow equ 17h
  33:	001C          	BUSDecoder_1c equ 1Ch
  34:	001D          	BUSDecoder_1D equ 1Dh
  35:	001E          	BUSDecoder_1E equ 1Eh
  36:	001F          	BUSDecoder_1F equ 1Fh
  37:	0001          	seg7E equ 1
  38:	0002          	seg7F equ 10b
  39:	0004          	seg7G equ 100b
  40:	0008          	seg7P equ 1000b
  41:	0010          	seg7A equ 10000b
  42:	0020          	seg7B equ 100000b
  43:	0040          	seg7C equ 1000000b
  44:	0080          	seg7D equ 10000000b
  45:	0018          	SIO8251_Dataport equ 18h
  46:	0019          	SIO8251_CntrPort equ 19h
  47:	0000          	KeyCode_F equ 0
  48:	0001          	KeyCode_E equ 1
  49:	0002          	KeyCode_D equ 2
  50:	0003          	KeyCode_C equ 3
  51:	0004          	KeyCode_MM equ 4
  52:	0005          	KeyCode_RN equ 5
  53:	0006          	KeyCode_SS equ 6
  54:	0007          	KeyCode_?? equ 7
  55:	0008          	KeyCode_B equ 8
  56:	0009          	KeyCode_A equ 9
  57:	000A          	KeyCode_9 equ 0Ah
  58:	000B          	KeyCode_8 equ 0Bh
  59:	000C          	KeyCode_TR equ 0Ch
  60:	000D          	KeyCode_TW equ 0Dh
  61:	000E          	KeyCode_BP equ 0Eh
  62:	000F          	KeyCode_EX equ 0Fh
  63:	0010          	KeyCode_7 equ 10h
  64:	0011          	KeyCode_6 equ 11h
  65:	0012          	KeyCode_5 equ 12h
  66:	0013          	KeyCode_4 equ 13h
  67:	0014          	KeyCode_PLUS equ 14h
  68:	0015          	KeyCode_MINUS equ 15h
  69:	0016          	KeyCode_IN equ 16h
  70:	0017          	KeyCode_RL equ 17h
  71:	0018          	KeyCode_3 equ 18h
  72:	0019          	KeyCode_2 equ 19h
  73:	001A          	KeyCode_1 equ 1Ah
  74:	001B          	KeyCode_0 equ 1Bh
  75:	001C          	KeyCode_SD equ 1Ch
  76:	001D          	KeyCode_SA equ 1Dh
  77:	001E          	KeyCode_EN equ 1Eh
  78:	001F          	KeyCode_RG equ 1Fh
  79:	0000          	TxRDY equ 0			; Transmitter Ready
  80:	0001          	RxRDY equ 1			; Receiver Ready
  81:	0002          	TxEMPTY equ 2			; Tranmitter empty
  82:	0003          	PE equ 3			; Parity Error
  83:	0004          	OE equ 4			; Overun Error
  84:	0005          	FE equ 5			; Framing Error
  85:	0006          	BRK equ 6			; Sync/Break detect
  86:	0007          	DSRD equ 7			; Data set ready
  87:	0000          	TxEN equ 0			; Transmit enabled
  88:	0001          	DTR equ 1			; Data Terminal	Ready
  89:	0002          	RxEN equ 2			; Receiver Enabled
  90:	0003          	SBRK equ 3			; Send Break
  91:	0004          	ER equ 4			; Error	Reset
  92:	0005          	RTS equ 5			; Request to send
  93:	0006          	IR equ 6			; Internal reset
  94:	0007          	EH equ 7			; Enter	HUNT Mode
**** /home/juergen/Projects/zilogz80-code/SELZ80Trainer/ROMS/camel80.z80 ****
  55:			
  56:	0000          	DOCODE  EQU 0      ; flag to indicate CODE words
  57:	0000          	link    DEFL 0     ; link to previous Forth word
  58:			
  59:	0080          	SELTIBSIZE	equ 80h
  60:	1000          	SELTIB		equ	SELRAMSTART
  61:			
  62:			head    MACRO   _label,name,action
  63:					DW link
  64:					DB 0
  65:			link    DEFL $
  66:					DB _label - $ -1
  67:					DB 'name'
  68:			_label:
  69:			IF  !(action=DOCODE)
  70:					call action
  71:			ENDIF
  72:					ENDM
  73:			
  74:			immed   MACRO   _label,name,action
  75:					DW link
  76:					DB 1
  77:			link    DEFL $
  78:					DB _label - $ -1
  79:					DB 'name'
  80:			_label:
  81:					IF  !(action=DOCODE)
  82:					call action
  83:					ENDIF
  84:					ENDM
  85:			
  86:			
  87:			; NEXTHL is used when the IP is already in HL.
  88:			nexthl  MACRO
  89:					ld e,(hl)
  90:					inc hl
  91:					ld d,(hl)
  92:					inc hl
  93:					ex de,hl
  94:					jp (hl)
  95:					ENDM
  96:			
  97:			; The NEXT macro (7 bytes) assembles the 'next'
  98:			; code in-line in every Z80 CamelForth CODE word.
  99:			next    MACRO
 100:					ex de,hl
 101:					nexthl
 102:					ENDM
 103:			
 104:			;				ld e,(hl)
 105:			;				inc hl
 106:			;				ld d,(hl)
 107:			;				inc hl
 108:			;				ex de,hl
 109:			;				jp (hl)
 110:			;				ENDM
 111:			
 112:			; RESET AND INTERRUPT VECTORS ===================
 113:			; ...are not used in the CP/M implementation
 114:			; Instead, we have the...
 115:			
 116:			; CP/M ENTRY POINT
 117:	4000          		org SELNOTUSED
 118:	4000  CD6E55  	reset:          call selinit    ; Init SEL Forth part.
P Phase error - $4002 changed from $00 to $55
 119:	4003  21FFFF  	                ld hl,SELRAMEND; end of avail.mem (EM)
 120:	4006  2E00    	                ld l,0       ;    = end of avail.mem (EM)
 121:	4008  25      			dec h        ; EM-100h
 122:	4009  F9      			ld sp,hl     ;      = top of param stack
 123:	400A  24      			inc h        ; EM
 124:	400B  E5      			push hl
 125:	400C  DDE1    			pop ix       ;      = top of return stack
 126:	400E  25      			dec h        ; EM-200h
 127:	400F  25      			dec h
 128:	4010  E5      			push hl
 129:	4011  FDE1    			pop iy       ;      = bottom of user area
 130:	4013  110100  			ld de,1      ; do reset if COLD returns
 131:	4016  C33155  			jp COLD      ; enter top-level Forth word
 132:			
 133:			; Memory map:
 134:			;   0080h       Terminal Input Buffer, 128 bytes
 135:			;   0100h       Forth kernel = start of CP/M TPA
 136:			;     ? h       Forth dictionary (user RAM)
 137:			;   EM-200h     User area, 128 bytes
 138:			;   EM-180h     Parameter stack, 128B, grows down
 139:			;   EM-100h     HOLD area, 40 bytes, grows down
 140:			;   EM-0D8h     PAD buffer, 88 bytes
 141:			;   EM-80h      Return stack, 128 B, grows down
 142:			;   EM          End of RAM = start of CP/M BDOS
 143:			; See also the definitions of U0, S0, and R0
 144:			; in the "system variables & constants" area.
 145:			; A task w/o terminal input requires 200h bytes.
 146:			; Double all except TIB and PAD for 32-bit CPUs.
 147:			
 148:			; INTERPRETER LOGIC =============================
 149:			; See also "defining words" at end of this file
 150:			
 151:			;C EXIT     --      exit a colon definition
 152:	4019          		head EXIT,EXIT,docode
 152:	4019  0000    			DW link
 152:	401B  00      			DB 0
 152:	401C          	link    DEFL $
 152:	401C  04      			DB EXIT - $ -1
 152:	401D  45584954			DB 'EXIT'
 152:	4021          	EXIT:
 152:	0000          	IF  !(docode=DOCODE)
 152:					call docode
 152:			ENDIF
 152:	4021          			ENDM
 153:	4021  DD5E00  			ld e,(ix+0)    ; pop old IP from ret stk
 154:	4024  DD23    			inc ix
 155:	4026  DD5600  			ld d,(ix+0)
 156:	4029  DD23    			inc ix
 157:	402B          			next
 157:	402B  EB      			ex de,hl
 157:	402C          			nexthl
 157:	402C  5E      			ld e,(hl)
 157:	402D  23      			inc hl
 157:	402E  56      			ld d,(hl)
 157:	402F  23      			inc hl
 157:	4030  EB      			ex de,hl
 157:	4031  E9      			jp (hl)
 157:	4032          			ENDM
 157:	4032          			ENDM
 158:			
 159:			;Z lit      -- x    fetch inline literal to stack
 160:			; This is the primtive compiled by LITERAL.
 161:	4032          		head lit,lit,docode
 161:	4032  1C40    			DW link
 161:	4034  00      			DB 0
 161:	4035          	link    DEFL $
 161:	4035  03      			DB lit - $ -1
 161:	4036  6C6974  			DB 'lit'
 161:	4039          	lit:
 161:	0000          	IF  !(docode=DOCODE)
 161:					call docode
 161:			ENDIF
 161:	4039          			ENDM
 162:	4039  C5      			push bc        ; push old TOS
 163:	403A  1A      			ld a,(de)      ; fetch cell at IP to TOS,
 164:	403B  4F      			ld c,a         ;        advancing IP
 165:	403C  13      			inc de
 166:	403D  1A      			ld a,(de)
 167:	403E  47      			ld b,a
 168:	403F  13      			inc de
 169:	4040          			next
 169:	4040  EB      			ex de,hl
 169:	4041          			nexthl
 169:	4041  5E      			ld e,(hl)
 169:	4042  23      			inc hl
 169:	4043  56      			ld d,(hl)
 169:	4044  23      			inc hl
 169:	4045  EB      			ex de,hl
 169:	4046  E9      			jp (hl)
 169:	4047          			ENDM
 169:	4047          			ENDM
 170:			
 171:			;C EXECUTE   i*x xt -- j*x   execute Forth word
 172:			;C                           at 'xt'
 173:	4047          		head EXECUTE,EXECUTE,docode
 173:	4047  3540    			DW link
 173:	4049  00      			DB 0
 173:	404A          	link    DEFL $
 173:	404A  07      			DB EXECUTE - $ -1
 173:	404B  45584543			DB 'EXECUTE'
	      555445
 173:	4052          	EXECUTE:
 173:	0000          	IF  !(docode=DOCODE)
 173:					call docode
 173:			ENDIF
 173:	4052          			ENDM
 174:	4052  60      			ld h,b          ; address of word -> HL
 175:	4053  69      			ld l,c
 176:	4054  C1      			pop bc          ; get new TOS
 177:	4055  E9      			jp (hl)         ; go do Forth word
 178:			
 179:			; DEFINING WORDS ================================
 180:			
 181:			; ENTER, a.k.a. DOCOLON, entered by CALL ENTER
 182:			; to enter a new high-level thread (colon def'n.)
 183:			; (internal code fragment, not a Forth word)
 184:			; N.B.: DOCOLON must be defined before any
 185:			; appearance of 'docolon' in a 'word' macro!
 186:	4056          	docolon:               ; (alternate name)
 187:	4056  DD2B    	enter:  dec ix         ; push old IP on ret stack
 188:	4058  DD7200  			ld (ix+0),d
 189:	405B  DD2B    			dec ix
 190:	405D  DD7300  			ld (ix+0),e
 191:	4060  E1      			pop hl         ; param field adrs -> IP
 192:	4061          			nexthl         ; use the faster 'nexthl'
 192:	4061  5E      			ld e,(hl)
 192:	4062  23      			inc hl
 192:	4063  56      			ld d,(hl)
 192:	4064  23      			inc hl
 192:	4065  EB      			ex de,hl
 192:	4066  E9      			jp (hl)
 192:	4067          			ENDM
 193:			
 194:			;C VARIABLE   --      define a Forth variable
 195:			;   CREATE 1 CELLS ALLOT ;
 196:			; Action of RAM variable is identical to CREATE,
 197:			; so we don't need a DOES> clause to change it.
 198:	4067          		head VARIABLE,VARIABLE,docolon
 198:	4067  4A40    			DW link
 198:	4069  00      			DB 0
 198:	406A          	link    DEFL $
 198:	406A  08      			DB VARIABLE - $ -1
 198:	406B  56415249			DB 'VARIABLE'
	      41424C45
 198:	4073          	VARIABLE:
 198:	0001          	IF  !(docolon=DOCODE)
 198:	4073  CD5640  			call docolon
 198:			ENDIF
 198:	4076          			ENDM
 199:	4076  9D513940			DW CREATE,LIT,1,CELLS,ALLOT,EXIT
	      01001B47
	      AB4D2140
 200:			; DOVAR, code action of VARIABLE, entered by CALL
 201:			; DOCREATE, code action of newly created words
 202:	4082          	docreate:
 203:	4082          	dovar:  ; -- a-addr
 204:	4082  E1      			pop hl     ; parameter field address
 205:	4083  C5      			push bc    ; push old TOS
 206:	4084  44      			ld b,h     ; pfa = variable's adrs -> TOS
 207:	4085  4D      			ld c,l
 208:	4086          			next
 208:	4086  EB      			ex de,hl
 208:	4087          			nexthl
 208:	4087  5E      			ld e,(hl)
 208:	4088  23      			inc hl
 208:	4089  56      			ld d,(hl)
 208:	408A  23      			inc hl
 208:	408B  EB      			ex de,hl
 208:	408C  E9      			jp (hl)
 208:	408D          			ENDM
 208:	408D          			ENDM
 209:			
 210:			;C CONSTANT   n --      define a Forth constant
 211:			;   CREATE , DOES> (machine code fragment)
 212:	408D          		head CONSTANT,CONSTANT,docolon
 212:	408D  6A40    			DW link
 212:	408F  00      			DB 0
 212:	4090          	link    DEFL $
 212:	4090  08      			DB CONSTANT - $ -1
 212:	4091  434F4E53			DB 'CONSTANT'
	      54414E54
 212:	4099          	CONSTANT:
 212:	0001          	IF  !(docolon=DOCODE)
 212:	4099  CD5640  			call docolon
 212:			ENDIF
 212:	409C          			ENDM
 213:	409C  9D51B94D			DW CREATE,COMMA,XDOES
	      CF51
 214:			; DOCON, code action of CONSTANT,
 215:			; entered by CALL DOCON
 216:	40A2          	docon:  ; -- x
 217:	40A2  E1      			pop hl     ; parameter field address
 218:	40A3  C5      			push bc    ; push old TOS
 219:	40A4  4E      			ld c,(hl)  ; fetch contents of parameter
 220:	40A5  23      			inc hl     ;    field -> TOS
 221:	40A6  46      			ld b,(hl)
 222:	40A7          			next
 222:	40A7  EB      			ex de,hl
 222:	40A8          			nexthl
 222:	40A8  5E      			ld e,(hl)
 222:	40A9  23      			inc hl
 222:	40AA  56      			ld d,(hl)
 222:	40AB  23      			inc hl
 222:	40AC  EB      			ex de,hl
 222:	40AD  E9      			jp (hl)
 222:	40AE          			ENDM
 222:	40AE          			ENDM
 223:			
 224:			;Z USER     n --        define user variable 'n'
 225:			;   CREATE , DOES> (machine code fragment)
 226:	40AE          		head USER,USER,docolon
 226:	40AE  9040    			DW link
 226:	40B0  00      			DB 0
 226:	40B1          	link    DEFL $
 226:	40B1  04      			DB USER - $ -1
 226:	40B2  55534552			DB 'USER'
 226:	40B6          	USER:
 226:	0001          	IF  !(docolon=DOCODE)
 226:	40B6  CD5640  			call docolon
 226:			ENDIF
 226:	40B9          			ENDM
 227:	40B9  9D51B94D			DW CREATE,COMMA,XDOES
	      CF51
 228:			; DOUSER, code action of USER,
 229:			; entered by CALL DOUSER
 230:	40BF          	douser:  ; -- a-addr
 231:	40BF  E1      			pop hl     ; parameter field address
 232:	40C0  C5      			push bc    ; push old TOS
 233:	40C1  4E      			ld c,(hl)  ; fetch contents of parameter
 234:	40C2  23      			inc hl     ;    field
 235:	40C3  46      			ld b,(hl)
 236:	40C4  FDE5    			push iy    ; copy user base address to HL
 237:	40C6  E1      			pop hl
 238:	40C7  09      			add hl,bc  ;    and add offset
 239:	40C8  44      			ld b,h     ; put result in TOS
 240:	40C9  4D      			ld c,l
 241:	40CA          			next
 241:	40CA  EB      			ex de,hl
 241:	40CB          			nexthl
 241:	40CB  5E      			ld e,(hl)
 241:	40CC  23      			inc hl
 241:	40CD  56      			ld d,(hl)
 241:	40CE  23      			inc hl
 241:	40CF  EB      			ex de,hl
 241:	40D0  E9      			jp (hl)
 241:	40D1          			ENDM
 241:	40D1          			ENDM
 242:			
 243:			; DODOES, code action of DOES> clause
 244:			; entered by       CALL fragment
 245:			;                  parameter field
 246:			;                       ...
 247:			;        fragment: CALL DODOES
 248:			;                  high-level thread
 249:			; Enters high-level thread with address of
 250:			; parameter field on top of stack.
 251:			; (internal code fragment, not a Forth word)
 252:	40D1          	dodoes: ; -- a-addr
 253:	40D1  DD2B    			dec ix         ; push old IP on ret stk
 254:	40D3  DD7200  			ld (ix+0),d
 255:	40D6  DD2B    			dec ix
 256:	40D8  DD7300  			ld (ix+0),e
 257:	40DB  D1      			pop de         ; adrs of new thread -> IP
 258:	40DC  E1      			pop hl         ; adrs of parameter field
 259:	40DD  C5      			push bc        ; push old TOS onto stack
 260:	40DE  44      			ld b,h         ; pfa -> new TOS
 261:	40DF  4D      			ld c,l
 262:	40E0          			next
 262:	40E0  EB      			ex de,hl
 262:	40E1          			nexthl
 262:	40E1  5E      			ld e,(hl)
 262:	40E2  23      			inc hl
 262:	40E3  56      			ld d,(hl)
 262:	40E4  23      			inc hl
 262:	40E5  EB      			ex de,hl
 262:	40E6  E9      			jp (hl)
 262:	40E7          			ENDM
 262:	40E7          			ENDM
 263:			
 264:			; CP/M TERMINAL I/O =============================
 265:			;cpmbdos EQU 1h          ; CP/M BDOS entry point
 266:			
 267:			;Z BDOS   de c -- a   call CP/M BDOS
 268:			;	head BDOS,BDOS,docode
 269:			;		ex de,hl    ; save important Forth regs
 270:			;		pop de      ;  (DE,IX,IY) & pop DE value
 271:			;		push hl
 272:			;		push ix
 273:			;		push iy
 274:			;		call oscall
 275:			;		ld c,a      ; result in TOS
 276:			;		ld b,0
 277:			;		pop iy      ; restore Forth regs
 278:			;		pop ix
 279:			;		pop de
 280:			;		next
 281:			
 282:			;C EMIT     c --    output character to console
 283:			;   6 BDOS DROP ;
 284:			; warning: if c=0ffh, will read one keypress
 285:	40E7          		head EMIT,EMIT,docode
 285:	40E7  B140    			DW link
 285:	40E9  00      			DB 0
 285:	40EA          	link    DEFL $
 285:	40EA  04      			DB EMIT - $ -1
 285:	40EB  454D4954			DB 'EMIT'
 285:	40EF          	EMIT:
 285:	0000          	IF  !(docode=DOCODE)
 285:					call docode
 285:			ENDIF
 285:	40EF          			ENDM
 286:			;		DW LIT,06H,BDOS,DROP,EXIT
 287:	40EF  79      		ld a,c
 288:	40F0  CD0000  		call v24out
U 'v24out' Undeclared
 289:	40F3  C1      		pop bc
 290:	40F4          		next
 290:	40F4  EB      			ex de,hl
 290:	40F5          			nexthl
 290:	40F5  5E      			ld e,(hl)
 290:	40F6  23      			inc hl
 290:	40F7  56      			ld d,(hl)
 290:	40F8  23      			inc hl
 290:	40F9  EB      			ex de,hl
 290:	40FA  E9      			jp (hl)
 290:	40FB          			ENDM
 290:	40FB          			ENDM
 291:			
 292:			;Z SAVEKEY  -- addr  temporary storage for KEY?
 293:			;	head savekey,SAVEKEY,dovar
 294:			;lkey DW 0
 295:			
 296:			;X KEY?     -- f    return true if char waiting
 297:			;   0FF 6 BDOS DUP SAVEKEY C! ;   rtns 0 or key
 298:			; must use BDOS function 6 to work with KEY
 299:			;	head querykey,KEY?,docolon
 300:			;		DW LIT,0FFH,LIT,06H,BDOS
 301:			;		DW DUP,SAVEKEY,CSTORE,EXIT
 302:	40FB          		head querykey,KEY?,docode
 302:	40FB  EA40    			DW link
 302:	40FD  00      			DB 0
 302:	40FE          	link    DEFL $
 302:	40FE  04      			DB querykey - $ -1
 302:	40FF  4B45593F			DB 'KEY?'
 302:	4103          	querykey:
 302:	0000          	IF  !(docode=DOCODE)
 302:					call docode
 302:			ENDIF
 302:	4103          			ENDM
 303:	4103  C5      		push bc
 304:	4104  CD0000  		call v24stat
U 'v24stat' Undeclared
 305:	4107  CA0C41  		jz	key0
 306:	410A  3EFF    		ld	a,-1
 307:	410C          	key0:
 308:	410C  47      		ld	b,a
 309:	410D  4F      		ld	c,a
 310:	410E          		next;
 310:	410E  EB      			ex de,hl
 310:	410F          			nexthl
 310:	410F  5E      			ld e,(hl)
 310:	4110  23      			inc hl
 310:	4111  56      			ld d,(hl)
 310:	4112  23      			inc hl
 310:	4113  EB      			ex de,hl
 310:	4114  E9      			jp (hl)
 310:	4115          			ENDM
 310:	4115          			ENDM
 311:			
 312:			;C KEY      -- c    get character from keyboard
 313:			;   BEGIN SAVEKEY C@ 0= WHILE KEY? DROP REPEAT
 314:			;   SAVEKEY C@  0 SAVEKEY C! ;
 315:			; must use CP/M direct console I/O to avoid echo
 316:			; (BDOS function 6, contained within KEY?)
 317:	4115          		head KEY,KEY,docode
 317:	4115  FE40    			DW link
 317:	4117  00      			DB 0
 317:	4118          	link    DEFL $
 317:	4118  03      			DB KEY - $ -1
 317:	4119  4B4559  			DB 'KEY'
 317:	411C          	KEY:
 317:	0000          	IF  !(docode=DOCODE)
 317:					call docode
 317:			ENDIF
 317:	411C          			ENDM
 318:	411C  C5      		push bc
 319:	411D  CD0000  		call v24in
U 'v24in' Undeclared
 320:	4120  4F      		ld	c,a
 321:	4121  0600    		ld	b,0
 322:	4123          		next
 322:	4123  EB      			ex de,hl
 322:	4124          			nexthl
 322:	4124  5E      			ld e,(hl)
 322:	4125  23      			inc hl
 322:	4126  56      			ld d,(hl)
 322:	4127  23      			inc hl
 322:	4128  EB      			ex de,hl
 322:	4129  E9      			jp (hl)
 322:	412A          			ENDM
 322:	412A          			ENDM
 323:			
 324:			;Z CPMACCEPT  c-addr +n -- +n'  get line of input
 325:			;   SWAP 2 - TUCK C!      max # of characters
 326:			;   DUP 0A BDOS DROP      CP/M Get Console Buffer
 327:			;   1+ C@  0A EMIT ;      get returned count
 328:			; Note: requires the two locations before c-addr
 329:			; to be available for use.
 330:			;	head CPMACCEPT,CPMACCEPT,docolon
 331:			;		DW SWOP,LIT,2,MINUS,TUCK,CSTORE
 332:			;		DW DUP,LIT,0Ah,BDOS,DROP
 333:			;		DW ONEPLUS,CFETCH,LIT,0Ah,EMIT,EXIT
 334:			
 335:			;X BYE     i*x --    return to System
 336:	412A          		head BYE,BYE,docode
 336:	412A  1841    			DW link
 336:	412C  00      			DB 0
 336:	412D          	link    DEFL $
 336:	412D  03      			DB BYE - $ -1
 336:	412E  425945  			DB 'BYE'
 336:	4131          	BYE:
 336:	0000          	IF  !(docode=DOCODE)
 336:					call docode
 336:			ENDIF
 336:	4131          			ENDM
 337:	4131  C30000  			jp warmstart
U 'warmstart' Undeclared
 338:			
 339:			; STACK OPERATIONS ==============================
 340:			
 341:			;C DUP      x -- x x      duplicate top of stack
 342:	4134          		head DUP,DUP,docode
 342:	4134  2D41    			DW link
 342:	4136  00      			DB 0
 342:	4137          	link    DEFL $
 342:	4137  03      			DB DUP - $ -1
 342:	4138  445550  			DB 'DUP'
 342:	413B          	DUP:
 342:	0000          	IF  !(docode=DOCODE)
 342:					call docode
 342:			ENDIF
 342:	413B          			ENDM
 343:	413B  C5      	pushtos: push bc
 344:	413C          			next
 344:	413C  EB      			ex de,hl
 344:	413D          			nexthl
 344:	413D  5E      			ld e,(hl)
 344:	413E  23      			inc hl
 344:	413F  56      			ld d,(hl)
 344:	4140  23      			inc hl
 344:	4141  EB      			ex de,hl
 344:	4142  E9      			jp (hl)
 344:	4143          			ENDM
 344:	4143          			ENDM
 345:			
 346:			;C ?DUP     x -- 0 | x x    DUP if nonzero
 347:	4143          		head QDUP,?DUP,docode
 347:	4143  3741    			DW link
 347:	4145  00      			DB 0
 347:	4146          	link    DEFL $
 347:	4146  04      			DB QDUP - $ -1
 347:	4147  3F445550			DB '?DUP'
 347:	414B          	QDUP:
 347:	0000          	IF  !(docode=DOCODE)
 347:					call docode
 347:			ENDIF
 347:	414B          			ENDM
 348:	414B  78      			ld a,b
 349:	414C  B1      			or c
 350:	414D  20EC    			jr nz,pushtos
 351:	414F          			next
 351:	414F  EB      			ex de,hl
 351:	4150          			nexthl
 351:	4150  5E      			ld e,(hl)
 351:	4151  23      			inc hl
 351:	4152  56      			ld d,(hl)
 351:	4153  23      			inc hl
 351:	4154  EB      			ex de,hl
 351:	4155  E9      			jp (hl)
 351:	4156          			ENDM
 351:	4156          			ENDM
 352:			
 353:			;C DROP     x --          drop top of stack
 354:	4156          		head DROP,DROP,docode
 354:	4156  4641    			DW link
 354:	4158  00      			DB 0
 354:	4159          	link    DEFL $
 354:	4159  04      			DB DROP - $ -1
 354:	415A  44524F50			DB 'DROP'
 354:	415E          	DROP:
 354:	0000          	IF  !(docode=DOCODE)
 354:					call docode
 354:			ENDIF
 354:	415E          			ENDM
 355:	415E  C1      	poptos: pop bc
 356:	415F          			next
 356:	415F  EB      			ex de,hl
 356:	4160          			nexthl
 356:	4160  5E      			ld e,(hl)
 356:	4161  23      			inc hl
 356:	4162  56      			ld d,(hl)
 356:	4163  23      			inc hl
 356:	4164  EB      			ex de,hl
 356:	4165  E9      			jp (hl)
 356:	4166          			ENDM
 356:	4166          			ENDM
 357:			
 358:			;C SWAP     x1 x2 -- x2 x1    swap top two items
 359:	4166          		head SWOP,SWAP,docode
 359:	4166  5941    			DW link
 359:	4168  00      			DB 0
 359:	4169          	link    DEFL $
 359:	4169  04      			DB SWOP - $ -1
 359:	416A  53574150			DB 'SWAP'
 359:	416E          	SWOP:
 359:	0000          	IF  !(docode=DOCODE)
 359:					call docode
 359:			ENDIF
 359:	416E          			ENDM
 360:	416E  E1      			pop hl
 361:	416F  C5      			push bc
 362:	4170  44      			ld b,h
 363:	4171  4D      			ld c,l
 364:	4172          			next
 364:	4172  EB      			ex de,hl
 364:	4173          			nexthl
 364:	4173  5E      			ld e,(hl)
 364:	4174  23      			inc hl
 364:	4175  56      			ld d,(hl)
 364:	4176  23      			inc hl
 364:	4177  EB      			ex de,hl
 364:	4178  E9      			jp (hl)
 364:	4179          			ENDM
 364:	4179          			ENDM
 365:			
 366:			;C OVER    x1 x2 -- x1 x2 x1   per stack diagram
 367:	4179          		head OVER,OVER,docode
 367:	4179  6941    			DW link
 367:	417B  00      			DB 0
 367:	417C          	link    DEFL $
 367:	417C  04      			DB OVER - $ -1
 367:	417D  4F564552			DB 'OVER'
 367:	4181          	OVER:
 367:	0000          	IF  !(docode=DOCODE)
 367:					call docode
 367:			ENDIF
 367:	4181          			ENDM
 368:	4181  E1      			pop hl
 369:	4182  E5      			push hl
 370:	4183  C5      			push bc
 371:	4184  44      			ld b,h
 372:	4185  4D      			ld c,l
 373:	4186          			next
 373:	4186  EB      			ex de,hl
 373:	4187          			nexthl
 373:	4187  5E      			ld e,(hl)
 373:	4188  23      			inc hl
 373:	4189  56      			ld d,(hl)
 373:	418A  23      			inc hl
 373:	418B  EB      			ex de,hl
 373:	418C  E9      			jp (hl)
 373:	418D          			ENDM
 373:	418D          			ENDM
 374:			
 375:			;C ROT    x1 x2 x3 -- x2 x3 x1  per stack diagram
 376:	418D          		head ROT,ROT,docode
 376:	418D  7C41    			DW link
 376:	418F  00      			DB 0
 376:	4190          	link    DEFL $
 376:	4190  03      			DB ROT - $ -1
 376:	4191  524F54  			DB 'ROT'
 376:	4194          	ROT:
 376:	0000          	IF  !(docode=DOCODE)
 376:					call docode
 376:			ENDIF
 376:	4194          			ENDM
 377:					; x3 is in TOS
 378:	4194  E1      			pop hl          ; x2
 379:	4195  E3      			ex (sp),hl      ; x2 on stack, x1 in hl
 380:	4196  C5      			push bc
 381:	4197  44      			ld b,h
 382:	4198  4D      			ld c,l
 383:	4199          			next
 383:	4199  EB      			ex de,hl
 383:	419A          			nexthl
 383:	419A  5E      			ld e,(hl)
 383:	419B  23      			inc hl
 383:	419C  56      			ld d,(hl)
 383:	419D  23      			inc hl
 383:	419E  EB      			ex de,hl
 383:	419F  E9      			jp (hl)
 383:	41A0          			ENDM
 383:	41A0          			ENDM
 384:			
 385:			;X NIP    x1 x2 -- x2           per stack diagram
 386:	41A0          		head NIP,NIP,docolon
 386:	41A0  9041    			DW link
 386:	41A2  00      			DB 0
 386:	41A3          	link    DEFL $
 386:	41A3  03      			DB NIP - $ -1
 386:	41A4  4E4950  			DB 'NIP'
 386:	41A7          	NIP:
 386:	0001          	IF  !(docolon=DOCODE)
 386:	41A7  CD5640  			call docolon
 386:			ENDIF
 386:	41AA          			ENDM
 387:	41AA  6E415E41			DW SWOP,DROP,EXIT
	      2140
 388:			
 389:			;X TUCK   x1 x2 -- x2 x1 x2     per stack diagram
 390:	41B0          		head TUCK,TUCK,docolon
 390:	41B0  A341    			DW link
 390:	41B2  00      			DB 0
 390:	41B3          	link    DEFL $
 390:	41B3  04      			DB TUCK - $ -1
 390:	41B4  5455434B			DB 'TUCK'
 390:	41B8          	TUCK:
 390:	0001          	IF  !(docolon=DOCODE)
 390:	41B8  CD5640  			call docolon
 390:			ENDIF
 390:	41BB          			ENDM
 391:	41BB  6E418141			DW SWOP,OVER,EXIT
	      2140
 392:			
 393:			;C >R    x --   R: -- x   push to return stack
 394:	41C1          		head TOR,>R,docode
 394:	41C1  B341    			DW link
 394:	41C3  00      			DB 0
 394:	41C4          	link    DEFL $
 394:	41C4  02      			DB TOR - $ -1
 394:	41C5  3E52    			DB '>R'
 394:	41C7          	TOR:
 394:	0000          	IF  !(docode=DOCODE)
 394:					call docode
 394:			ENDIF
 394:	41C7          			ENDM
 395:	41C7  DD2B    			dec ix          ; push TOS onto rtn stk
 396:	41C9  DD7000  			ld (ix+0),b
 397:	41CC  DD2B    			dec ix
 398:	41CE  DD7100  			ld (ix+0),c
 399:	41D1  C1      			pop bc          ; pop new TOS
 400:	41D2          			next
 400:	41D2  EB      			ex de,hl
 400:	41D3          			nexthl
 400:	41D3  5E      			ld e,(hl)
 400:	41D4  23      			inc hl
 400:	41D5  56      			ld d,(hl)
 400:	41D6  23      			inc hl
 400:	41D7  EB      			ex de,hl
 400:	41D8  E9      			jp (hl)
 400:	41D9          			ENDM
 400:	41D9          			ENDM
 401:			
 402:			;C R>    -- x    R: x --   pop from return stack
 403:	41D9          		head RFROM,R>,docode
 403:	41D9  C441    			DW link
 403:	41DB  00      			DB 0
 403:	41DC          	link    DEFL $
 403:	41DC  02      			DB RFROM - $ -1
 403:	41DD  523E    			DB 'R>'
 403:	41DF          	RFROM:
 403:	0000          	IF  !(docode=DOCODE)
 403:					call docode
 403:			ENDIF
 403:	41DF          			ENDM
 404:	41DF  C5      			push bc         ; push old TOS
 405:	41E0  DD4E00  			ld c,(ix+0)     ; pop top rtn stk item
 406:	41E3  DD23    			inc ix          ;       to TOS
 407:	41E5  DD4600  			ld b,(ix+0)
 408:	41E8  DD23    			inc ix
 409:	41EA          			next
 409:	41EA  EB      			ex de,hl
 409:	41EB          			nexthl
 409:	41EB  5E      			ld e,(hl)
 409:	41EC  23      			inc hl
 409:	41ED  56      			ld d,(hl)
 409:	41EE  23      			inc hl
 409:	41EF  EB      			ex de,hl
 409:	41F0  E9      			jp (hl)
 409:	41F1          			ENDM
 409:	41F1          			ENDM
 410:			
 411:			;C R@    -- x     R: x -- x   fetch from rtn stk
 412:	41F1          		head RFETCH,R@,docode
 412:	41F1  DC41    			DW link
 412:	41F3  00      			DB 0
 412:	41F4          	link    DEFL $
 412:	41F4  02      			DB RFETCH - $ -1
 412:	41F5  5240    			DB 'R@'
 412:	41F7          	RFETCH:
 412:	0000          	IF  !(docode=DOCODE)
 412:					call docode
 412:			ENDIF
 412:	41F7          			ENDM
 413:	41F7  C5      			push bc         ; push old TOS
 414:	41F8  DD4E00  			ld c,(ix+0)     ; fetch top rtn stk item
 415:	41FB  DD4601  			ld b,(ix+1)     ;       to TOS
 416:	41FE          			next
 416:	41FE  EB      			ex de,hl
 416:	41FF          			nexthl
 416:	41FF  5E      			ld e,(hl)
 416:	4200  23      			inc hl
 416:	4201  56      			ld d,(hl)
 416:	4202  23      			inc hl
 416:	4203  EB      			ex de,hl
 416:	4204  E9      			jp (hl)
 416:	4205          			ENDM
 416:	4205          			ENDM
 417:			
 418:			;Z SP@  -- a-addr       get data stack pointer
 419:	4205          		head SPFETCH,SP@,docode
 419:	4205  F441    			DW link
 419:	4207  00      			DB 0
 419:	4208          	link    DEFL $
 419:	4208  03      			DB SPFETCH - $ -1
 419:	4209  535040  			DB 'SP@'
 419:	420C          	SPFETCH:
 419:	0000          	IF  !(docode=DOCODE)
 419:					call docode
 419:			ENDIF
 419:	420C          			ENDM
 420:	420C  C5      			push bc
 421:	420D  210000  			ld hl,0
 422:	4210  39      			add hl,sp
 423:	4211  44      			ld b,h
 424:	4212  4D      			ld c,l
 425:	4213          			next
 425:	4213  EB      			ex de,hl
 425:	4214          			nexthl
 425:	4214  5E      			ld e,(hl)
 425:	4215  23      			inc hl
 425:	4216  56      			ld d,(hl)
 425:	4217  23      			inc hl
 425:	4218  EB      			ex de,hl
 425:	4219  E9      			jp (hl)
 425:	421A          			ENDM
 425:	421A          			ENDM
 426:			
 427:			;Z SP!  a-addr --       set data stack pointer
 428:	421A          		head SPSTORE,SP!,docode
 428:	421A  0842    			DW link
 428:	421C  00      			DB 0
 428:	421D          	link    DEFL $
 428:	421D  03      			DB SPSTORE - $ -1
 428:	421E  535021  			DB 'SP!'
 428:	4221          	SPSTORE:
 428:	0000          	IF  !(docode=DOCODE)
 428:					call docode
 428:			ENDIF
 428:	4221          			ENDM
 429:	4221  60      			ld h,b
 430:	4222  69      			ld l,c
 431:	4223  F9      			ld sp,hl
 432:	4224  C1      			pop bc          ; get new TOS
 433:	4225          			next
 433:	4225  EB      			ex de,hl
 433:	4226          			nexthl
 433:	4226  5E      			ld e,(hl)
 433:	4227  23      			inc hl
 433:	4228  56      			ld d,(hl)
 433:	4229  23      			inc hl
 433:	422A  EB      			ex de,hl
 433:	422B  E9      			jp (hl)
 433:	422C          			ENDM
 433:	422C          			ENDM
 434:			
 435:			;Z RP@  -- a-addr       get return stack pointer
 436:	422C          		head RPFETCH,RP@,docode
 436:	422C  1D42    			DW link
 436:	422E  00      			DB 0
 436:	422F          	link    DEFL $
 436:	422F  03      			DB RPFETCH - $ -1
 436:	4230  525040  			DB 'RP@'
 436:	4233          	RPFETCH:
 436:	0000          	IF  !(docode=DOCODE)
 436:					call docode
 436:			ENDIF
 436:	4233          			ENDM
 437:	4233  C5      			push bc
 438:	4234  DDE5    			push ix
 439:	4236  C1      			pop bc
 440:	4237          			next
 440:	4237  EB      			ex de,hl
 440:	4238          			nexthl
 440:	4238  5E      			ld e,(hl)
 440:	4239  23      			inc hl
 440:	423A  56      			ld d,(hl)
 440:	423B  23      			inc hl
 440:	423C  EB      			ex de,hl
 440:	423D  E9      			jp (hl)
 440:	423E          			ENDM
 440:	423E          			ENDM
 441:			
 442:			;Z RP!  a-addr --       set return stack pointer
 443:	423E          		head RPSTORE,RP!,docode
 443:	423E  2F42    			DW link
 443:	4240  00      			DB 0
 443:	4241          	link    DEFL $
 443:	4241  03      			DB RPSTORE - $ -1
 443:	4242  525021  			DB 'RP!'
 443:	4245          	RPSTORE:
 443:	0000          	IF  !(docode=DOCODE)
 443:					call docode
 443:			ENDIF
 443:	4245          			ENDM
 444:	4245  C5      			push bc
 445:	4246  DDE1    			pop ix
 446:	4248  C1      			pop bc
 447:	4249          			next
 447:	4249  EB      			ex de,hl
 447:	424A          			nexthl
 447:	424A  5E      			ld e,(hl)
 447:	424B  23      			inc hl
 447:	424C  56      			ld d,(hl)
 447:	424D  23      			inc hl
 447:	424E  EB      			ex de,hl
 447:	424F  E9      			jp (hl)
 447:	4250          			ENDM
 447:	4250          			ENDM
 448:			
 449:			; MEMORY AND I/O OPERATIONS =====================
 450:			
 451:			;C !        x a-addr --   store cell in memory
 452:	4250          		head STORE,!,docode
 452:	4250  4142    			DW link
 452:	4252  00      			DB 0
 452:	4253          	link    DEFL $
 452:	4253  01      			DB STORE - $ -1
 452:	4254  21      			DB '!'
 452:	4255          	STORE:
 452:	0000          	IF  !(docode=DOCODE)
 452:					call docode
 452:			ENDIF
 452:	4255          			ENDM
 453:	4255  60      			ld h,b          ; address in hl
 454:	4256  69      			ld l,c
 455:	4257  C1      			pop bc          ; data in bc
 456:	4258  71      			ld (hl),c
 457:	4259  23      			inc hl
 458:	425A  70      			ld (hl),b
 459:	425B  C1      			pop bc          ; pop new TOS
 460:	425C          			next
 460:	425C  EB      			ex de,hl
 460:	425D          			nexthl
 460:	425D  5E      			ld e,(hl)
 460:	425E  23      			inc hl
 460:	425F  56      			ld d,(hl)
 460:	4260  23      			inc hl
 460:	4261  EB      			ex de,hl
 460:	4262  E9      			jp (hl)
 460:	4263          			ENDM
 460:	4263          			ENDM
 461:			
 462:			;C C!      char c-addr --    store char in memory
 463:	4263          		head CSTORE,C!,docode
 463:	4263  5342    			DW link
 463:	4265  00      			DB 0
 463:	4266          	link    DEFL $
 463:	4266  02      			DB CSTORE - $ -1
 463:	4267  4321    			DB 'C!'
 463:	4269          	CSTORE:
 463:	0000          	IF  !(docode=DOCODE)
 463:					call docode
 463:			ENDIF
 463:	4269          			ENDM
 464:	4269  60      			ld h,b          ; address in hl
 465:	426A  69      			ld l,c
 466:	426B  C1      			pop bc          ; data in bc
 467:	426C  71      			ld (hl),c
 468:	426D  C1      			pop bc          ; pop new TOS
 469:	426E          			next
 469:	426E  EB      			ex de,hl
 469:	426F          			nexthl
 469:	426F  5E      			ld e,(hl)
 469:	4270  23      			inc hl
 469:	4271  56      			ld d,(hl)
 469:	4272  23      			inc hl
 469:	4273  EB      			ex de,hl
 469:	4274  E9      			jp (hl)
 469:	4275          			ENDM
 469:	4275          			ENDM
 470:			
 471:			;C @       a-addr -- x   fetch cell from memory
 472:	4275          		head FETCH,@,docode
 472:	4275  6642    			DW link
 472:	4277  00      			DB 0
 472:	4278          	link    DEFL $
 472:	4278  01      			DB FETCH - $ -1
 472:	4279  40      			DB '@'
 472:	427A          	FETCH:
 472:	0000          	IF  !(docode=DOCODE)
 472:					call docode
 472:			ENDIF
 472:	427A          			ENDM
 473:	427A  60      			ld h,b          ; address in hl
 474:	427B  69      			ld l,c
 475:	427C  4E      			ld c,(hl)
 476:	427D  23      			inc hl
 477:	427E  46      			ld b,(hl)
 478:	427F          			next
 478:	427F  EB      			ex de,hl
 478:	4280          			nexthl
 478:	4280  5E      			ld e,(hl)
 478:	4281  23      			inc hl
 478:	4282  56      			ld d,(hl)
 478:	4283  23      			inc hl
 478:	4284  EB      			ex de,hl
 478:	4285  E9      			jp (hl)
 478:	4286          			ENDM
 478:	4286          			ENDM
 479:			
 480:			;C C@     c-addr -- char   fetch char from memory
 481:	4286          		head CFETCH,C@,docode
 481:	4286  7842    			DW link
 481:	4288  00      			DB 0
 481:	4289          	link    DEFL $
 481:	4289  02      			DB CFETCH - $ -1
 481:	428A  4340    			DB 'C@'
 481:	428C          	CFETCH:
 481:	0000          	IF  !(docode=DOCODE)
 481:					call docode
 481:			ENDIF
 481:	428C          			ENDM
 482:	428C  0A      			ld a,(bc)
 483:	428D  4F      			ld c,a
 484:	428E  0600    			ld b,0
 485:	4290          			next
 485:	4290  EB      			ex de,hl
 485:	4291          			nexthl
 485:	4291  5E      			ld e,(hl)
 485:	4292  23      			inc hl
 485:	4293  56      			ld d,(hl)
 485:	4294  23      			inc hl
 485:	4295  EB      			ex de,hl
 485:	4296  E9      			jp (hl)
 485:	4297          			ENDM
 485:	4297          			ENDM
 486:			
 487:			;Z PC!     char c-addr --    output char to port
 488:	4297          		head PCSTORE,PC!,docode
 488:	4297  8942    			DW link
 488:	4299  00      			DB 0
 488:	429A          	link    DEFL $
 488:	429A  03      			DB PCSTORE - $ -1
 488:	429B  504321  			DB 'PC!'
 488:	429E          	PCSTORE:
 488:	0000          	IF  !(docode=DOCODE)
 488:					call docode
 488:			ENDIF
 488:	429E          			ENDM
 489:	429E  E1      			pop hl          ; char in L
 490:	429F  ED69    			out (c),l       ; to port (BC)
 491:	42A1  C1      			pop bc          ; pop new TOS
 492:	42A2          			next
 492:	42A2  EB      			ex de,hl
 492:	42A3          			nexthl
 492:	42A3  5E      			ld e,(hl)
 492:	42A4  23      			inc hl
 492:	42A5  56      			ld d,(hl)
 492:	42A6  23      			inc hl
 492:	42A7  EB      			ex de,hl
 492:	42A8  E9      			jp (hl)
 492:	42A9          			ENDM
 492:	42A9          			ENDM
 493:			
 494:			;Z PC@     c-addr -- char   input char from port
 495:	42A9          		head PCFETCH,PC@,docode
 495:	42A9  9A42    			DW link
 495:	42AB  00      			DB 0
 495:	42AC          	link    DEFL $
 495:	42AC  03      			DB PCFETCH - $ -1
 495:	42AD  504340  			DB 'PC@'
 495:	42B0          	PCFETCH:
 495:	0000          	IF  !(docode=DOCODE)
 495:					call docode
 495:			ENDIF
 495:	42B0          			ENDM
 496:	42B0  ED48    			in c,(c)        ; read port (BC) to C
 497:	42B2  0600    			ld b,0
 498:	42B4          			next
 498:	42B4  EB      			ex de,hl
 498:	42B5          			nexthl
 498:	42B5  5E      			ld e,(hl)
 498:	42B6  23      			inc hl
 498:	42B7  56      			ld d,(hl)
 498:	42B8  23      			inc hl
 498:	42B9  EB      			ex de,hl
 498:	42BA  E9      			jp (hl)
 498:	42BB          			ENDM
 498:	42BB          			ENDM
 499:			
 500:			; ARITHMETIC AND LOGICAL OPERATIONS =============
 501:			
 502:			;C +       n1/u1 n2/u2 -- n3/u3     add n1+n2
 503:	42BB          		head PLUS,+,docode
 503:	42BB  AC42    			DW link
 503:	42BD  00      			DB 0
 503:	42BE          	link    DEFL $
 503:	42BE  01      			DB PLUS - $ -1
 503:	42BF  2B      			DB '+'
 503:	42C0          	PLUS:
 503:	0000          	IF  !(docode=DOCODE)
 503:					call docode
 503:			ENDIF
 503:	42C0          			ENDM
 504:	42C0  E1      			pop hl
 505:	42C1  09      			add hl,bc
 506:	42C2  44      			ld b,h
 507:	42C3  4D      			ld c,l
 508:	42C4          			next
 508:	42C4  EB      			ex de,hl
 508:	42C5          			nexthl
 508:	42C5  5E      			ld e,(hl)
 508:	42C6  23      			inc hl
 508:	42C7  56      			ld d,(hl)
 508:	42C8  23      			inc hl
 508:	42C9  EB      			ex de,hl
 508:	42CA  E9      			jp (hl)
 508:	42CB          			ENDM
 508:	42CB          			ENDM
 509:			
 510:			;X M+       d n -- d         add single to double
 511:	42CB          		head MPLUS,M+,docode
 511:	42CB  BE42    			DW link
 511:	42CD  00      			DB 0
 511:	42CE          	link    DEFL $
 511:	42CE  02      			DB MPLUS - $ -1
 511:	42CF  4D2B    			DB 'M+'
 511:	42D1          	MPLUS:
 511:	0000          	IF  !(docode=DOCODE)
 511:					call docode
 511:			ENDIF
 511:	42D1          			ENDM
 512:	42D1  EB      			ex de,hl
 513:	42D2  D1      			pop de          ; hi cell
 514:	42D3  E3      			ex (sp),hl      ; lo cell, save IP
 515:	42D4  09      			add hl,bc
 516:	42D5  42      			ld b,d          ; hi result in BC (TOS)
 517:	42D6  4B      			ld c,e
 518:	42D7  3001    			jr nc,mplus1
 519:	42D9  03      			inc bc
 520:	42DA  D1      	mplus1: pop de          ; restore saved IP
 521:	42DB  E5      			push hl         ; push lo result
 522:	42DC          			next
 522:	42DC  EB      			ex de,hl
 522:	42DD          			nexthl
 522:	42DD  5E      			ld e,(hl)
 522:	42DE  23      			inc hl
 522:	42DF  56      			ld d,(hl)
 522:	42E0  23      			inc hl
 522:	42E1  EB      			ex de,hl
 522:	42E2  E9      			jp (hl)
 522:	42E3          			ENDM
 522:	42E3          			ENDM
 523:			
 524:			;C -      n1/u1 n2/u2 -- n3/u3    subtract n1-n2
 525:	42E3          		head MINUS,-,docode
 525:	42E3  CE42    			DW link
 525:	42E5  00      			DB 0
 525:	42E6          	link    DEFL $
 525:	42E6  01      			DB MINUS - $ -1
 525:	42E7  2D      			DB '-'
 525:	42E8          	MINUS:
 525:	0000          	IF  !(docode=DOCODE)
 525:					call docode
 525:			ENDIF
 525:	42E8          			ENDM
 526:	42E8  E1      			pop hl
 527:	42E9  B7      			or a
 528:	42EA  ED42    			sbc hl,bc
 529:	42EC  44      			ld b,h
 530:	42ED  4D      			ld c,l
 531:	42EE          			next
 531:	42EE  EB      			ex de,hl
 531:	42EF          			nexthl
 531:	42EF  5E      			ld e,(hl)
 531:	42F0  23      			inc hl
 531:	42F1  56      			ld d,(hl)
 531:	42F2  23      			inc hl
 531:	42F3  EB      			ex de,hl
 531:	42F4  E9      			jp (hl)
 531:	42F5          			ENDM
 531:	42F5          			ENDM
 532:			
 533:			;C AND    x1 x2 -- x3            logical AND
 534:	42F5          		head ?AND,AND,docode
 534:	42F5  E642    			DW link
 534:	42F7  00      			DB 0
 534:	42F8          	link    DEFL $
 534:	42F8  03      			DB ?AND - $ -1
 534:	42F9  414E44  			DB 'AND'
 534:	42FC          	?AND:
 534:	0000          	IF  !(docode=DOCODE)
 534:					call docode
 534:			ENDIF
 534:	42FC          			ENDM
 535:	42FC  E1      			pop hl
 536:	42FD  78      			ld a,b
 537:	42FE  A4      			and h
 538:	42FF  47      			ld b,a
 539:	4300  79      			ld a,c
 540:	4301  A5      			and l
 541:	4302  4F      			ld c,a
 542:	4303          			next
 542:	4303  EB      			ex de,hl
 542:	4304          			nexthl
 542:	4304  5E      			ld e,(hl)
 542:	4305  23      			inc hl
 542:	4306  56      			ld d,(hl)
 542:	4307  23      			inc hl
 542:	4308  EB      			ex de,hl
 542:	4309  E9      			jp (hl)
 542:	430A          			ENDM
 542:	430A          			ENDM
 543:			
 544:			;C OR     x1 x2 -- x3           logical OR
 545:	430A          		head ?OR,OR,docode
 545:	430A  F842    			DW link
 545:	430C  00      			DB 0
 545:	430D          	link    DEFL $
 545:	430D  02      			DB ?OR - $ -1
 545:	430E  4F52    			DB 'OR'
 545:	4310          	?OR:
 545:	0000          	IF  !(docode=DOCODE)
 545:					call docode
 545:			ENDIF
 545:	4310          			ENDM
 546:	4310  E1      			pop hl
 547:	4311  78      			ld a,b
 548:	4312  B4      			or h
 549:	4313  47      			ld b,a
 550:	4314  79      			ld a,c
 551:	4315  B5      			or l
 552:	4316  4F      			ld c,a
 553:	4317          			next
 553:	4317  EB      			ex de,hl
 553:	4318          			nexthl
 553:	4318  5E      			ld e,(hl)
 553:	4319  23      			inc hl
 553:	431A  56      			ld d,(hl)
 553:	431B  23      			inc hl
 553:	431C  EB      			ex de,hl
 553:	431D  E9      			jp (hl)
 553:	431E          			ENDM
 553:	431E          			ENDM
 554:			
 555:			;C XOR    x1 x2 -- x3            logical XOR
 556:	431E          		head ?XOR,XOR,docode
 556:	431E  0D43    			DW link
 556:	4320  00      			DB 0
 556:	4321          	link    DEFL $
 556:	4321  03      			DB ?XOR - $ -1
 556:	4322  584F52  			DB 'XOR'
 556:	4325          	?XOR:
 556:	0000          	IF  !(docode=DOCODE)
 556:					call docode
 556:			ENDIF
 556:	4325          			ENDM
 557:	4325  E1      			pop hl
 558:	4326  78      			ld a,b
 559:	4327  AC      			xor h
 560:	4328  47      			ld b,a
 561:	4329  79      			ld a,c
 562:	432A  AD      			xor l
 563:	432B  4F      			ld c,a
 564:	432C          			next
 564:	432C  EB      			ex de,hl
 564:	432D          			nexthl
 564:	432D  5E      			ld e,(hl)
 564:	432E  23      			inc hl
 564:	432F  56      			ld d,(hl)
 564:	4330  23      			inc hl
 564:	4331  EB      			ex de,hl
 564:	4332  E9      			jp (hl)
 564:	4333          			ENDM
 564:	4333          			ENDM
 565:			
 566:			;C INVERT   x1 -- x2            bitwise inversion
 567:	4333          		head INVERT,INVERT,docode
 567:	4333  2143    			DW link
 567:	4335  00      			DB 0
 567:	4336          	link    DEFL $
 567:	4336  06      			DB INVERT - $ -1
 567:	4337  494E5645			DB 'INVERT'
	      5254
 567:	433D          	INVERT:
 567:	0000          	IF  !(docode=DOCODE)
 567:					call docode
 567:			ENDIF
 567:	433D          			ENDM
 568:	433D  78      			ld a,b
 569:	433E  2F      			cpl
 570:	433F  47      			ld b,a
 571:	4340  79      			ld a,c
 572:	4341  2F      			cpl
 573:	4342  4F      			ld c,a
 574:	4343          			next
 574:	4343  EB      			ex de,hl
 574:	4344          			nexthl
 574:	4344  5E      			ld e,(hl)
 574:	4345  23      			inc hl
 574:	4346  56      			ld d,(hl)
 574:	4347  23      			inc hl
 574:	4348  EB      			ex de,hl
 574:	4349  E9      			jp (hl)
 574:	434A          			ENDM
 574:	434A          			ENDM
 575:			
 576:			;C NEGATE   x1 -- x2            two's complement
 577:	434A          		head NEGATE,NEGATE,docode
 577:	434A  3643    			DW link
 577:	434C  00      			DB 0
 577:	434D          	link    DEFL $
 577:	434D  06      			DB NEGATE - $ -1
 577:	434E  4E454741			DB 'NEGATE'
	      5445
 577:	4354          	NEGATE:
 577:	0000          	IF  !(docode=DOCODE)
 577:					call docode
 577:			ENDIF
 577:	4354          			ENDM
 578:	4354  78      			ld a,b
 579:	4355  2F      			cpl
 580:	4356  47      			ld b,a
 581:	4357  79      			ld a,c
 582:	4358  2F      			cpl
 583:	4359  4F      			ld c,a
 584:	435A  03      			inc bc
 585:	435B          			next
 585:	435B  EB      			ex de,hl
 585:	435C          			nexthl
 585:	435C  5E      			ld e,(hl)
 585:	435D  23      			inc hl
 585:	435E  56      			ld d,(hl)
 585:	435F  23      			inc hl
 585:	4360  EB      			ex de,hl
 585:	4361  E9      			jp (hl)
 585:	4362          			ENDM
 585:	4362          			ENDM
 586:			
 587:			;C 1+      n1/u1 -- n2/u2       add 1 to TOS
 588:	4362          		head ONEPLUS,1+,docode
 588:	4362  4D43    			DW link
 588:	4364  00      			DB 0
 588:	4365          	link    DEFL $
 588:	4365  02      			DB ONEPLUS - $ -1
 588:	4366  312B    			DB '1+'
 588:	4368          	ONEPLUS:
 588:	0000          	IF  !(docode=DOCODE)
 588:					call docode
 588:			ENDIF
 588:	4368          			ENDM
 589:	4368  03      			inc bc
 590:	4369          			next
 590:	4369  EB      			ex de,hl
 590:	436A          			nexthl
 590:	436A  5E      			ld e,(hl)
 590:	436B  23      			inc hl
 590:	436C  56      			ld d,(hl)
 590:	436D  23      			inc hl
 590:	436E  EB      			ex de,hl
 590:	436F  E9      			jp (hl)
 590:	4370          			ENDM
 590:	4370          			ENDM
 591:			
 592:			;C 1-      n1/u1 -- n2/u2     subtract 1 from TOS
 593:	4370          		head ONEMINUS,1-,docode
 593:	4370  6543    			DW link
 593:	4372  00      			DB 0
 593:	4373          	link    DEFL $
 593:	4373  02      			DB ONEMINUS - $ -1
 593:	4374  312D    			DB '1-'
 593:	4376          	ONEMINUS:
 593:	0000          	IF  !(docode=DOCODE)
 593:					call docode
 593:			ENDIF
 593:	4376          			ENDM
 594:	4376  0B      			dec bc
 595:	4377          			next
 595:	4377  EB      			ex de,hl
 595:	4378          			nexthl
 595:	4378  5E      			ld e,(hl)
 595:	4379  23      			inc hl
 595:	437A  56      			ld d,(hl)
 595:	437B  23      			inc hl
 595:	437C  EB      			ex de,hl
 595:	437D  E9      			jp (hl)
 595:	437E          			ENDM
 595:	437E          			ENDM
 596:			
 597:			;Z ><      x1 -- x2         swap bytes (not ANSI)
 598:	437E          		head swapbytes,><,docode
 598:	437E  7343    			DW link
 598:	4380  00      			DB 0
 598:	4381          	link    DEFL $
 598:	4381  02      			DB swapbytes - $ -1
 598:	4382  3E3C    			DB '><'
 598:	4384          	swapbytes:
 598:	0000          	IF  !(docode=DOCODE)
 598:					call docode
 598:			ENDIF
 598:	4384          			ENDM
 599:	4384  78      			ld a,b
 600:	4385  41      			ld b,c
 601:	4386  4F      			ld c,a
 602:	4387          			next
 602:	4387  EB      			ex de,hl
 602:	4388          			nexthl
 602:	4388  5E      			ld e,(hl)
 602:	4389  23      			inc hl
 602:	438A  56      			ld d,(hl)
 602:	438B  23      			inc hl
 602:	438C  EB      			ex de,hl
 602:	438D  E9      			jp (hl)
 602:	438E          			ENDM
 602:	438E          			ENDM
 603:			
 604:			;C 2*      x1 -- x2         arithmetic left shift
 605:	438E          		head TWOSTAR,2*,docode
 605:	438E  8143    			DW link
 605:	4390  00      			DB 0
 605:	4391          	link    DEFL $
 605:	4391  02      			DB TWOSTAR - $ -1
 605:	4392  322A    			DB '2*'
 605:	4394          	TWOSTAR:
 605:	0000          	IF  !(docode=DOCODE)
 605:					call docode
 605:			ENDIF
 605:	4394          			ENDM
 606:	4394  CB21    			sla c
 607:	4396  CB10    			rl b
 608:	4398          			next
 608:	4398  EB      			ex de,hl
 608:	4399          			nexthl
 608:	4399  5E      			ld e,(hl)
 608:	439A  23      			inc hl
 608:	439B  56      			ld d,(hl)
 608:	439C  23      			inc hl
 608:	439D  EB      			ex de,hl
 608:	439E  E9      			jp (hl)
 608:	439F          			ENDM
 608:	439F          			ENDM
 609:			
 610:			;C 2/      x1 -- x2        arithmetic right shift
 611:	439F          		head TWOSLASH,2/,docode
 611:	439F  9143    			DW link
 611:	43A1  00      			DB 0
 611:	43A2          	link    DEFL $
 611:	43A2  02      			DB TWOSLASH - $ -1
 611:	43A3  322F    			DB '2/'
 611:	43A5          	TWOSLASH:
 611:	0000          	IF  !(docode=DOCODE)
 611:					call docode
 611:			ENDIF
 611:	43A5          			ENDM
 612:	43A5  CB28    			sra b
 613:	43A7  CB19    			rr c
 614:	43A9          			next
 614:	43A9  EB      			ex de,hl
 614:	43AA          			nexthl
 614:	43AA  5E      			ld e,(hl)
 614:	43AB  23      			inc hl
 614:	43AC  56      			ld d,(hl)
 614:	43AD  23      			inc hl
 614:	43AE  EB      			ex de,hl
 614:	43AF  E9      			jp (hl)
 614:	43B0          			ENDM
 614:	43B0          			ENDM
 615:			
 616:			;C LSHIFT  x1 u -- x2    logical L shift u places
 617:	43B0          		head LSHIFT,LSHIFT,docode
 617:	43B0  A243    			DW link
 617:	43B2  00      			DB 0
 617:	43B3          	link    DEFL $
 617:	43B3  06      			DB LSHIFT - $ -1
 617:	43B4  4C534849			DB 'LSHIFT'
	      4654
 617:	43BA          	LSHIFT:
 617:	0000          	IF  !(docode=DOCODE)
 617:					call docode
 617:			ENDIF
 617:	43BA          			ENDM
 618:	43BA  41      			ld b,c        ; b = loop counter
 619:	43BB  E1      			pop hl        ;   NB: hi 8 bits ignored!
 620:	43BC  04      			inc b         ; test for counter=0 case
 621:	43BD  1801    			jr lsh2
 622:	43BF  29      	lsh1:   add hl,hl     ; left shift HL, n times
 623:	43C0  10FD    	lsh2:   djnz lsh1
 624:	43C2  44      			ld b,h        ; result is new TOS
 625:	43C3  4D      			ld c,l
 626:	43C4          			next
 626:	43C4  EB      			ex de,hl
 626:	43C5          			nexthl
 626:	43C5  5E      			ld e,(hl)
 626:	43C6  23      			inc hl
 626:	43C7  56      			ld d,(hl)
 626:	43C8  23      			inc hl
 626:	43C9  EB      			ex de,hl
 626:	43CA  E9      			jp (hl)
 626:	43CB          			ENDM
 626:	43CB          			ENDM
 627:			
 628:			;C RSHIFT  x1 u -- x2    logical R shift u places
 629:	43CB          		head RSHIFT,RSHIFT,docode
 629:	43CB  B343    			DW link
 629:	43CD  00      			DB 0
 629:	43CE          	link    DEFL $
 629:	43CE  06      			DB RSHIFT - $ -1
 629:	43CF  52534849			DB 'RSHIFT'
	      4654
 629:	43D5          	RSHIFT:
 629:	0000          	IF  !(docode=DOCODE)
 629:					call docode
 629:			ENDIF
 629:	43D5          			ENDM
 630:	43D5  41      			ld b,c        ; b = loop counter
 631:	43D6  E1      			pop hl        ;   NB: hi 8 bits ignored!
 632:	43D7  04      			inc b         ; test for counter=0 case
 633:	43D8  1804    			jr rsh2
 634:	43DA  CB3C    	rsh1:   srl h         ; right shift HL, n times
 635:	43DC  CB1D    			rr l
 636:	43DE  10FA    	rsh2:   djnz rsh1
 637:	43E0  44      			ld b,h        ; result is new TOS
 638:	43E1  4D      			ld c,l
 639:	43E2          			next
 639:	43E2  EB      			ex de,hl
 639:	43E3          			nexthl
 639:	43E3  5E      			ld e,(hl)
 639:	43E4  23      			inc hl
 639:	43E5  56      			ld d,(hl)
 639:	43E6  23      			inc hl
 639:	43E7  EB      			ex de,hl
 639:	43E8  E9      			jp (hl)
 639:	43E9          			ENDM
 639:	43E9          			ENDM
 640:			
 641:			;C +!     n/u a-addr --       add cell to memory
 642:	43E9          		head PLUSSTORE,+!,docode
 642:	43E9  CE43    			DW link
 642:	43EB  00      			DB 0
 642:	43EC          	link    DEFL $
 642:	43EC  02      			DB PLUSSTORE - $ -1
 642:	43ED  2B21    			DB '+!'
 642:	43EF          	PLUSSTORE:
 642:	0000          	IF  !(docode=DOCODE)
 642:					call docode
 642:			ENDIF
 642:	43EF          			ENDM
 643:	43EF  E1      			pop hl
 644:	43F0  0A      			ld a,(bc)       ; low byte
 645:	43F1  85      			add a,l
 646:	43F2  02      			ld (bc),a
 647:	43F3  03      			inc bc
 648:	43F4  0A      			ld a,(bc)       ; high byte
 649:	43F5  8C      			adc a,h
 650:	43F6  02      			ld (bc),a
 651:	43F7  C1      			pop bc          ; pop new TOS
 652:	43F8          			next
 652:	43F8  EB      			ex de,hl
 652:	43F9          			nexthl
 652:	43F9  5E      			ld e,(hl)
 652:	43FA  23      			inc hl
 652:	43FB  56      			ld d,(hl)
 652:	43FC  23      			inc hl
 652:	43FD  EB      			ex de,hl
 652:	43FE  E9      			jp (hl)
 652:	43FF          			ENDM
 652:	43FF          			ENDM
 653:			
 654:			; COMPARISON OPERATIONS =========================
 655:			
 656:			;C 0=     n/u -- flag    return true if TOS=0
 657:	43FF          		head ZEROEQUAL,0=,docode
 657:	43FF  EC43    			DW link
 657:	4401  00      			DB 0
 657:	4402          	link    DEFL $
 657:	4402  02      			DB ZEROEQUAL - $ -1
 657:	4403  303D    			DB '0='
 657:	4405          	ZEROEQUAL:
 657:	0000          	IF  !(docode=DOCODE)
 657:					call docode
 657:			ENDIF
 657:	4405          			ENDM
 658:	4405  78      			ld a,b
 659:	4406  B1      			or c            ; result=0 if bc was 0
 660:	4407  D601    			sub 1           ; cy set   if bc was 0
 661:	4409  9F      			sbc a,a         ; propagate cy through A
 662:	440A  47      			ld b,a          ; put 0000 or FFFF in TOS
 663:	440B  4F      			ld c,a
 664:	440C          			next
 664:	440C  EB      			ex de,hl
 664:	440D          			nexthl
 664:	440D  5E      			ld e,(hl)
 664:	440E  23      			inc hl
 664:	440F  56      			ld d,(hl)
 664:	4410  23      			inc hl
 664:	4411  EB      			ex de,hl
 664:	4412  E9      			jp (hl)
 664:	4413          			ENDM
 664:	4413          			ENDM
 665:			
 666:			;C 0<     n -- flag      true if TOS negative
 667:	4413          		head ZEROLESS,0<,docode
 667:	4413  0244    			DW link
 667:	4415  00      			DB 0
 667:	4416          	link    DEFL $
 667:	4416  02      			DB ZEROLESS - $ -1
 667:	4417  303C    			DB '0<'
 667:	4419          	ZEROLESS:
 667:	0000          	IF  !(docode=DOCODE)
 667:					call docode
 667:			ENDIF
 667:	4419          			ENDM
 668:	4419  CB20    			sla b           ; sign bit -> cy flag
 669:	441B  9F      			sbc a,a         ; propagate cy through A
 670:	441C  47      			ld b,a          ; put 0000 or FFFF in TOS
 671:	441D  4F      			ld c,a
 672:	441E          			next
 672:	441E  EB      			ex de,hl
 672:	441F          			nexthl
 672:	441F  5E      			ld e,(hl)
 672:	4420  23      			inc hl
 672:	4421  56      			ld d,(hl)
 672:	4422  23      			inc hl
 672:	4423  EB      			ex de,hl
 672:	4424  E9      			jp (hl)
 672:	4425          			ENDM
 672:	4425          			ENDM
 673:			
 674:			;C =      x1 x2 -- flag         test x1=x2
 675:	4425          		head EQUAL,=,docode
 675:	4425  1644    			DW link
 675:	4427  00      			DB 0
 675:	4428          	link    DEFL $
 675:	4428  01      			DB EQUAL - $ -1
 675:	4429  3D      			DB '='
 675:	442A          	EQUAL:
 675:	0000          	IF  !(docode=DOCODE)
 675:					call docode
 675:			ENDIF
 675:	442A          			ENDM
 676:	442A  E1      			pop hl
 677:	442B  B7      			or a
 678:	442C  ED42    			sbc hl,bc       ; x1-x2 in HL, SZVC valid
 679:	442E  2828    			jr z,tostrue
 680:	4430  010000  	tosfalse: ld bc,0
 681:	4433          			next
 681:	4433  EB      			ex de,hl
 681:	4434          			nexthl
 681:	4434  5E      			ld e,(hl)
 681:	4435  23      			inc hl
 681:	4436  56      			ld d,(hl)
 681:	4437  23      			inc hl
 681:	4438  EB      			ex de,hl
 681:	4439  E9      			jp (hl)
 681:	443A          			ENDM
 681:	443A          			ENDM
 682:			
 683:			;X <>     x1 x2 -- flag    test not eq (not ANSI)
 684:	443A          		head NOTEQUAL,'<>',docolon
 684:	443A  2844    			DW link
 684:	443C  00      			DB 0
 684:	443D          	link    DEFL $
 684:	443D  02      			DB NOTEQUAL - $ -1
 684:	443E  3C3E    			DB '<>'
 684:	4440          	NOTEQUAL:
 684:	0001          	IF  !(docolon=DOCODE)
 684:	4440  CD5640  			call docolon
 684:			ENDIF
 684:	4443          			ENDM
 685:	4443  2A440544			DW EQUAL,ZEROEQUAL,EXIT
	      2140
 686:			
 687:			;C <      n1 n2 -- flag        test n1<n2, signed
 688:	4449          		head LESS,'<',docode
 688:	4449  3D44    			DW link
 688:	444B  00      			DB 0
 688:	444C          	link    DEFL $
 688:	444C  01      			DB LESS - $ -1
 688:	444D  3C      			DB '<'
 688:	444E          	LESS:
 688:	0000          	IF  !(docode=DOCODE)
 688:					call docode
 688:			ENDIF
 688:	444E          			ENDM
 689:	444E  E1      			pop hl
 690:	444F  B7      			or a
 691:	4450  ED42    			sbc hl,bc       ; n1-n2 in HL, SZVC valid
 692:			; if result negative & not OV, n1<n2
 693:			; neg. & OV => n1 +ve, n2 -ve, rslt -ve, so n1>n2
 694:			; if result positive & not OV, n1>=n2
 695:			; pos. & OV => n1 -ve, n2 +ve, rslt +ve, so n1<n2
 696:			; thus OV reverses the sense of the sign bit
 697:	4452  EA6244  			jp pe,revsense  ; if OV, use rev. sense
 698:	4455  F23044  			jp p,tosfalse   ;   if +ve, result false
 699:	4458  01FFFF  	tostrue: ld bc,0ffffh   ;   if -ve, result true
 700:	445B          			next
 700:	445B  EB      			ex de,hl
 700:	445C          			nexthl
 700:	445C  5E      			ld e,(hl)
 700:	445D  23      			inc hl
 700:	445E  56      			ld d,(hl)
 700:	445F  23      			inc hl
 700:	4460  EB      			ex de,hl
 700:	4461  E9      			jp (hl)
 700:	4462          			ENDM
 700:	4462          			ENDM
 701:	4462  FA3044  	revsense: jp m,tosfalse ; OV: if -ve, reslt false
 702:	4465  18F1    			jr tostrue      ;     if +ve, result true
 703:			
 704:			;C >     n1 n2 -- flag         test n1>n2, signed
 705:	4467          		head GREATER,>,docolon
 705:	4467  4C44    			DW link
 705:	4469  00      			DB 0
 705:	446A          	link    DEFL $
 705:	446A  01      			DB GREATER - $ -1
 705:	446B  3E      			DB '>'
 705:	446C          	GREATER:
 705:	0001          	IF  !(docolon=DOCODE)
 705:	446C  CD5640  			call docolon
 705:			ENDIF
 705:	446F          			ENDM
 706:	446F  6E414E44			DW SWOP,LESS,EXIT
	      2140
 707:			
 708:			;C U<    u1 u2 -- flag       test u1<n2, unsigned
 709:	4475          		head ULESS,U<,docode
 709:	4475  6A44    			DW link
 709:	4477  00      			DB 0
 709:	4478          	link    DEFL $
 709:	4478  02      			DB ULESS - $ -1
 709:	4479  553C    			DB 'U<'
 709:	447B          	ULESS:
 709:	0000          	IF  !(docode=DOCODE)
 709:					call docode
 709:			ENDIF
 709:	447B          			ENDM
 710:	447B  E1      			pop hl
 711:	447C  B7      			or a
 712:	447D  ED42    			sbc hl,bc       ; u1-u2 in HL, SZVC valid
 713:	447F  9F      			sbc a,a         ; propagate cy through A
 714:	4480  47      			ld b,a          ; put 0000 or FFFF in TOS
 715:	4481  4F      			ld c,a
 716:	4482          			next
 716:	4482  EB      			ex de,hl
 716:	4483          			nexthl
 716:	4483  5E      			ld e,(hl)
 716:	4484  23      			inc hl
 716:	4485  56      			ld d,(hl)
 716:	4486  23      			inc hl
 716:	4487  EB      			ex de,hl
 716:	4488  E9      			jp (hl)
 716:	4489          			ENDM
 716:	4489          			ENDM
 717:			
 718:			;X U>    u1 u2 -- flag     u1>u2 unsgd (not ANSI)
 719:	4489          		head UGREATER,U>,docolon
 719:	4489  7844    			DW link
 719:	448B  00      			DB 0
 719:	448C          	link    DEFL $
 719:	448C  02      			DB UGREATER - $ -1
 719:	448D  553E    			DB 'U>'
 719:	448F          	UGREATER:
 719:	0001          	IF  !(docolon=DOCODE)
 719:	448F  CD5640  			call docolon
 719:			ENDIF
 719:	4492          			ENDM
 720:	4492  6E417B44			DW SWOP,ULESS,EXIT
	      2140
 721:			
 722:			; LOOP AND BRANCH OPERATIONS ====================
 723:			
 724:			;Z branch   --                  branch always
 725:	4498          		head branch,branch,docode
 725:	4498  8C44    			DW link
 725:	449A  00      			DB 0
 725:	449B          	link    DEFL $
 725:	449B  06      			DB branch - $ -1
 725:	449C  6272616E			DB 'branch'
	      6368
 725:	44A2          	branch:
 725:	0000          	IF  !(docode=DOCODE)
 725:					call docode
 725:			ENDIF
 725:	44A2          			ENDM
 726:	44A2  1A      	dobranch: ld a,(de)     ; get inline value => IP
 727:	44A3  6F      			ld l,a
 728:	44A4  13      			inc de
 729:	44A5  1A      			ld a,(de)
 730:	44A6  67      			ld h,a
 731:	44A7          			nexthl
 731:	44A7  5E      			ld e,(hl)
 731:	44A8  23      			inc hl
 731:	44A9  56      			ld d,(hl)
 731:	44AA  23      			inc hl
 731:	44AB  EB      			ex de,hl
 731:	44AC  E9      			jp (hl)
 731:	44AD          			ENDM
 732:			
 733:			;Z ?branch   x --              branch if TOS zero
 734:	44AD          		head qbranch,?branch,docode
 734:	44AD  9B44    			DW link
 734:	44AF  00      			DB 0
 734:	44B0          	link    DEFL $
 734:	44B0  07      			DB qbranch - $ -1
 734:	44B1  3F627261			DB '?branch'
	      6E6368
 734:	44B8          	qbranch:
 734:	0000          	IF  !(docode=DOCODE)
 734:					call docode
 734:			ENDIF
 734:	44B8          			ENDM
 735:	44B8  78      			ld a,b
 736:	44B9  B1      			or c            ; test old TOS
 737:	44BA  C1      			pop bc          ; pop new TOS
 738:	44BB  28E5    			jr z,dobranch   ; if old TOS=0, branch
 739:	44BD  13      			inc de          ; else skip inline value
 740:	44BE  13      			inc de
 741:	44BF          			next
 741:	44BF  EB      			ex de,hl
 741:	44C0          			nexthl
 741:	44C0  5E      			ld e,(hl)
 741:	44C1  23      			inc hl
 741:	44C2  56      			ld d,(hl)
 741:	44C3  23      			inc hl
 741:	44C4  EB      			ex de,hl
 741:	44C5  E9      			jp (hl)
 741:	44C6          			ENDM
 741:	44C6          			ENDM
 742:			
 743:			;Z (do)    n1|u1 n2|u2 --  R: -- sys1 sys2
 744:			;Z                          run-time code for DO
 745:			; '83 and ANSI standard loops terminate when the
 746:			; boundary of limit-1 and limit is crossed, in
 747:			; either direction.  This can be conveniently
 748:			; implemented by making the limit 8000h, so that
 749:			; arithmetic overflow logic can detect crossing.
 750:			; I learned this trick from Laxen & Perry F83.
 751:			; fudge factor = 8000h-limit, to be added to
 752:			; the start value.
 753:	44C6          		head xdo,(do),docode
 753:	44C6  B044    			DW link
 753:	44C8  00      			DB 0
 753:	44C9          	link    DEFL $
 753:	44C9  04      			DB xdo - $ -1
 753:	44CA  28646F29			DB '(do)'
 753:	44CE          	xdo:
 753:	0000          	IF  !(docode=DOCODE)
 753:					call docode
 753:			ENDIF
 753:	44CE          			ENDM
 754:	44CE  EB      			ex de,hl
 755:	44CF  E3      			ex (sp),hl   ; IP on stack, limit in HL
 756:	44D0  EB      			ex de,hl
 757:	44D1  210080  			ld hl,8000h
 758:	44D4  B7      			or a
 759:	44D5  ED52    			sbc hl,de    ; 8000-limit in HL
 760:	44D7  DD2B    			dec ix       ; push this fudge factor
 761:	44D9  DD7400  			ld (ix+0),h  ;    onto return stack
 762:	44DC  DD2B    			dec ix       ;    for later use by 'I'
 763:	44DE  DD7500  			ld (ix+0),l
 764:	44E1  09      			add hl,bc    ; add fudge to start value
 765:	44E2  DD2B    			dec ix       ; push adjusted start value
 766:	44E4  DD7400  			ld (ix+0),h  ;    onto return stack
 767:	44E7  DD2B    			dec ix       ;    as the loop index.
 768:	44E9  DD7500  			ld (ix+0),l
 769:	44EC  D1      			pop de       ; restore the saved IP
 770:	44ED  C1      			pop bc       ; pop new TOS
 771:	44EE          			next
 771:	44EE  EB      			ex de,hl
 771:	44EF          			nexthl
 771:	44EF  5E      			ld e,(hl)
 771:	44F0  23      			inc hl
 771:	44F1  56      			ld d,(hl)
 771:	44F2  23      			inc hl
 771:	44F3  EB      			ex de,hl
 771:	44F4  E9      			jp (hl)
 771:	44F5          			ENDM
 771:	44F5          			ENDM
 772:			
 773:			;Z (loop)   R: sys1 sys2 --  | sys1 sys2
 774:			;Z                        run-time code for LOOP
 775:			; Add 1 to the loop index.  If loop terminates,
 776:			; clean up the return stack and skip the branch.
 777:			; Else take the inline branch.  Note that LOOP
 778:			; terminates when index=8000h.
 779:	44F5          		head xloop,(loop),docode
 779:	44F5  C944    			DW link
 779:	44F7  00      			DB 0
 779:	44F8          	link    DEFL $
 779:	44F8  06      			DB xloop - $ -1
 779:	44F9  286C6F6F			DB '(loop)'
	      7029
 779:	44FF          	xloop:
 779:	0000          	IF  !(docode=DOCODE)
 779:					call docode
 779:			ENDIF
 779:	44FF          			ENDM
 780:	44FF  D9      			exx
 781:	4500  010100  			ld bc,1
 782:	4503  DD6E00  	looptst: ld l,(ix+0)  ; get the loop index
 783:	4506  DD6601  			ld h,(ix+1)
 784:	4509  B7      			or a
 785:	450A  ED4A    			adc hl,bc    ; increment w/overflow test
 786:	450C  EA1945  			jp pe,loopterm  ; overflow=loop done
 787:					; continue the loop
 788:	450F  DD7500  			ld (ix+0),l  ; save the updated index
 789:	4512  DD7401  			ld (ix+1),h
 790:	4515  D9      			exx
 791:	4516  C3A244  			jp dobranch  ; take the inline branch SIE
 792:	4519          	loopterm: ; terminate the loop
 793:	4519  010400  			ld bc,4      ; discard the loop info
 794:	451C  DD09    			add ix,bc
 795:	451E  D9      			exx
 796:	451F  13      			inc de       ; skip the inline branch
 797:	4520  13      			inc de
 798:	4521          			next
 798:	4521  EB      			ex de,hl
 798:	4522          			nexthl
 798:	4522  5E      			ld e,(hl)
 798:	4523  23      			inc hl
 798:	4524  56      			ld d,(hl)
 798:	4525  23      			inc hl
 798:	4526  EB      			ex de,hl
 798:	4527  E9      			jp (hl)
 798:	4528          			ENDM
 798:	4528          			ENDM
 799:			
 800:			;Z (+loop)   n --   R: sys1 sys2 --  | sys1 sys2
 801:			;Z                        run-time code for +LOOP
 802:			; Add n to the loop index.  If loop terminates,
 803:			; clean up the return stack and skip the branch.
 804:			; Else take the inline branch.
 805:	4528          		head xplusloop,(+loop),docode
 805:	4528  F844    			DW link
 805:	452A  00      			DB 0
 805:	452B          	link    DEFL $
 805:	452B  07      			DB xplusloop - $ -1
 805:	452C  282B6C6F			DB '(+loop)'
	      6F7029
 805:	4533          	xplusloop:
 805:	0000          	IF  !(docode=DOCODE)
 805:					call docode
 805:			ENDIF
 805:	4533          			ENDM
 806:	4533  E1      			pop hl      ; this will be the new TOS
 807:	4534  C5      			push bc
 808:	4535  44      			ld b,h
 809:	4536  4D      			ld c,l
 810:	4537  D9      			exx
 811:	4538  C1      			pop bc      ; old TOS = loop increment
 812:	4539  18C8    			jr looptst
 813:			
 814:			;C I        -- n   R: sys1 sys2 -- sys1 sys2
 815:			;C                  get the innermost loop index
 816:	453B          		head II,I,docode
 816:	453B  2B45    			DW link
 816:	453D  00      			DB 0
 816:	453E          	link    DEFL $
 816:	453E  01      			DB II - $ -1
 816:	453F  49      			DB 'I'
 816:	4540          	II:
 816:	0000          	IF  !(docode=DOCODE)
 816:					call docode
 816:			ENDIF
 816:	4540          			ENDM
 817:	4540  C5      			push bc     ; push old TOS
 818:	4541  DD6E00  			ld l,(ix+0) ; get current loop index
 819:	4544  DD6601  			ld h,(ix+1)
 820:	4547  DD4E02  			ld c,(ix+2) ; get fudge factor
 821:	454A  DD4603  			ld b,(ix+3)
 822:	454D  B7      			or a
 823:	454E  ED42    			sbc hl,bc   ; subtract fudge factor,
 824:	4550  44      			ld b,h      ;   returning true index
 825:	4551  4D      			ld c,l
 826:	4552          			next
 826:	4552  EB      			ex de,hl
 826:	4553          			nexthl
 826:	4553  5E      			ld e,(hl)
 826:	4554  23      			inc hl
 826:	4555  56      			ld d,(hl)
 826:	4556  23      			inc hl
 826:	4557  EB      			ex de,hl
 826:	4558  E9      			jp (hl)
 826:	4559          			ENDM
 826:	4559          			ENDM
 827:			
 828:			;C J        -- n   R: 4*sys -- 4*sys
 829:			;C                  get the second loop index
 830:	4559          		head JJ,J,docode
 830:	4559  3E45    			DW link
 830:	455B  00      			DB 0
 830:	455C          	link    DEFL $
 830:	455C  01      			DB JJ - $ -1
 830:	455D  4A      			DB 'J'
 830:	455E          	JJ:
 830:	0000          	IF  !(docode=DOCODE)
 830:					call docode
 830:			ENDIF
 830:	455E          			ENDM
 831:	455E  C5      			push bc     ; push old TOS
 832:	455F  DD6E04  			ld l,(ix+4) ; get current loop index
 833:	4562  DD6605  			ld h,(ix+5)
 834:	4565  DD4E06  			ld c,(ix+6) ; get fudge factor
 835:	4568  DD4607  			ld b,(ix+7)
 836:	456B  B7      			or a
 837:	456C  ED42    			sbc hl,bc   ; subtract fudge factor,
 838:	456E  44      			ld b,h      ;   returning true index
 839:	456F  4D      			ld c,l
 840:	4570          			next
 840:	4570  EB      			ex de,hl
 840:	4571          			nexthl
 840:	4571  5E      			ld e,(hl)
 840:	4572  23      			inc hl
 840:	4573  56      			ld d,(hl)
 840:	4574  23      			inc hl
 840:	4575  EB      			ex de,hl
 840:	4576  E9      			jp (hl)
 840:	4577          			ENDM
 840:	4577          			ENDM
 841:			
 842:			;C UNLOOP   --   R: sys1 sys2 --  drop loop parms
 843:	4577          		head UNLOOP,UNLOOP,docode
 843:	4577  5C45    			DW link
 843:	4579  00      			DB 0
 843:	457A          	link    DEFL $
 843:	457A  06      			DB UNLOOP - $ -1
 843:	457B  554E4C4F			DB 'UNLOOP'
	      4F50
 843:	4581          	UNLOOP:
 843:	0000          	IF  !(docode=DOCODE)
 843:					call docode
 843:			ENDIF
 843:	4581          			ENDM
 844:	4581  DD23    			inc ix
 845:	4583  DD23    			inc ix
 846:	4585  DD23    			inc ix
 847:	4587  DD23    			inc ix
 848:	4589          			next
 848:	4589  EB      			ex de,hl
 848:	458A          			nexthl
 848:	458A  5E      			ld e,(hl)
 848:	458B  23      			inc hl
 848:	458C  56      			ld d,(hl)
 848:	458D  23      			inc hl
 848:	458E  EB      			ex de,hl
 848:	458F  E9      			jp (hl)
 848:	4590          			ENDM
 848:	4590          			ENDM
 849:			
 850:			; MULTIPLY AND DIVIDE ===========================
 851:			
 852:			;C UM*     u1 u2 -- ud   unsigned 16x16->32 mult.
 853:	4590          		head UMSTAR,UM*,docode
 853:	4590  7A45    			DW link
 853:	4592  00      			DB 0
 853:	4593          	link    DEFL $
 853:	4593  03      			DB UMSTAR - $ -1
 853:	4594  554D2A  			DB 'UM*'
 853:	4597          	UMSTAR:
 853:	0000          	IF  !(docode=DOCODE)
 853:					call docode
 853:			ENDIF
 853:	4597          			ENDM
 854:	4597  C5      			push bc
 855:	4598  D9      			exx
 856:	4599  C1      			pop bc      ; u2 in BC
 857:	459A  D1      			pop de      ; u1 in DE
 858:	459B  210000  			ld hl,0     ; result will be in HLDE
 859:	459E  3E11    			ld a,17     ; loop counter
 860:	45A0  B7      			or a        ; clear cy
 861:	45A1  CB1C    	umloop: rr h
 862:	45A3  CB1D    			rr l
 863:	45A5  CB1A    			rr d
 864:	45A7  CB1B    			rr e
 865:	45A9  3001    			jr nc,noadd
 866:	45AB  09      			add hl,bc
 867:	45AC  3D      	noadd:  dec a
 868:	45AD  20F2    			jr nz,umloop
 869:	45AF  D5      			push de     ; lo result
 870:	45B0  E5      			push hl     ; hi result
 871:	45B1  D9      			exx
 872:	45B2  C1      			pop bc      ; put TOS back in BC
 873:	45B3          			next
 873:	45B3  EB      			ex de,hl
 873:	45B4          			nexthl
 873:	45B4  5E      			ld e,(hl)
 873:	45B5  23      			inc hl
 873:	45B6  56      			ld d,(hl)
 873:	45B7  23      			inc hl
 873:	45B8  EB      			ex de,hl
 873:	45B9  E9      			jp (hl)
 873:	45BA          			ENDM
 873:	45BA          			ENDM
 874:			
 875:			;C UM/MOD   ud u1 -- u2 u3   unsigned 32/16->16
 876:	45BA          		head UMSLASHMOD,UM/MOD,docode
 876:	45BA  9345    			DW link
 876:	45BC  00      			DB 0
 876:	45BD          	link    DEFL $
 876:	45BD  06      			DB UMSLASHMOD - $ -1
 876:	45BE  554D2F4D			DB 'UM/MOD'
	      4F44
 876:	45C4          	UMSLASHMOD:
 876:	0000          	IF  !(docode=DOCODE)
 876:					call docode
 876:			ENDIF
 876:	45C4          			ENDM
 877:	45C4  C5      			push bc
 878:	45C5  D9      			exx
 879:	45C6  C1      			pop bc      ; BC = divisor
 880:	45C7  E1      			pop hl      ; HLDE = dividend
 881:	45C8  D1      			pop de
 882:	45C9  3E10    			ld a,16     ; loop counter
 883:	45CB  CB23    			sla e
 884:	45CD  CB12    			rl d        ; hi bit DE -> carry
 885:	45CF  ED6A    	udloop: adc hl,hl   ; rot left w/ carry
 886:	45D1  3006    			jr nc,udiv3
 887:					; case 1: 17 bit, cy:HL = 1xxxx
 888:	45D3  B7      			or a        ; we know we can subtract
 889:	45D4  ED42    			sbc hl,bc
 890:	45D6  B7      			or a        ; clear cy to indicate sub ok
 891:	45D7  1806    			jr udiv4
 892:					; case 2: 16 bit, cy:HL = 0xxxx
 893:	45D9  ED42    	udiv3:  sbc hl,bc   ; try the subtract
 894:	45DB  3002    			jr nc,udiv4 ; if no cy, subtract ok
 895:	45DD  09      			add hl,bc   ; else cancel the subtract
 896:	45DE  37      			scf         ;   and set cy to indicate
 897:	45DF  CB13    	udiv4:  rl e        ; rotate result bit into DE,
 898:	45E1  CB12    			rl d        ; and next bit of DE into cy
 899:	45E3  3D      			dec a
 900:	45E4  20E9    			jr nz,udloop
 901:					; now have complemented quotient in DE,
 902:					; and remainder in HL
 903:	45E6  7A      			ld a,d
 904:	45E7  2F      			cpl
 905:	45E8  47      			ld b,a
 906:	45E9  7B      			ld a,e
 907:	45EA  2F      			cpl
 908:	45EB  4F      			ld c,a
 909:	45EC  E5      			push hl     ; push remainder
 910:	45ED  C5      			push bc
 911:	45EE  D9      			exx
 912:	45EF  C1      			pop bc      ; quotient remains in TOS
 913:	45F0          			next
 913:	45F0  EB      			ex de,hl
 913:	45F1          			nexthl
 913:	45F1  5E      			ld e,(hl)
 913:	45F2  23      			inc hl
 913:	45F3  56      			ld d,(hl)
 913:	45F4  23      			inc hl
 913:	45F5  EB      			ex de,hl
 913:	45F6  E9      			jp (hl)
 913:	45F7          			ENDM
 913:	45F7          			ENDM
 914:			
 915:			; BLOCK AND STRING OPERATIONS ===================
 916:			
 917:			;C FILL   c-addr u char --  fill memory with char
 918:	45F7          		head FILL,FILL,docode
 918:	45F7  BD45    			DW link
 918:	45F9  00      			DB 0
 918:	45FA          	link    DEFL $
 918:	45FA  04      			DB FILL - $ -1
 918:	45FB  46494C4C			DB 'FILL'
 918:	45FF          	FILL:
 918:	0000          	IF  !(docode=DOCODE)
 918:					call docode
 918:			ENDIF
 918:	45FF          			ENDM
 919:	45FF  79      			ld a,c          ; character in a
 920:	4600  D9      			exx             ; use alt. register set
 921:	4601  C1      			pop bc          ; count in bc
 922:	4602  D1      			pop de          ; address in de
 923:	4603  B7      			or a            ; clear carry flag
 924:	4604  21FFFF  			ld hl,0ffffh
 925:	4607  ED4A    			adc hl,bc       ; test for count=0 or 1
 926:	4609  3009    			jr nc,filldone  ;   no cy: count=0, skip
 927:	460B  12      			ld (de),a       ; fill first byte
 928:	460C  2806    			jr z,filldone   ;   zero, count=1, done
 929:	460E  0B      			dec bc          ; else adjust count,
 930:	460F  62      			ld h,d          ;   let hl = start adrs,
 931:	4610  6B      			ld l,e
 932:	4611  13      			inc de          ;   let de = start adrs+1
 933:	4612  EDB0    			ldir            ;   copy (hl)->(de)
 934:	4614  D9      	filldone: exx           ; back to main reg set
 935:	4615  C1      			pop bc          ; pop new TOS
 936:	4616          			next
 936:	4616  EB      			ex de,hl
 936:	4617          			nexthl
 936:	4617  5E      			ld e,(hl)
 936:	4618  23      			inc hl
 936:	4619  56      			ld d,(hl)
 936:	461A  23      			inc hl
 936:	461B  EB      			ex de,hl
 936:	461C  E9      			jp (hl)
 936:	461D          			ENDM
 936:	461D          			ENDM
 937:			
 938:			;X CMOVE   c-addr1 c-addr2 u --  move from bottom
 939:			; as defined in the ANSI optional String word set
 940:			; On byte machines, CMOVE and CMOVE> are logical
 941:			; factors of MOVE.  They are easy to implement on
 942:			; CPUs which have a block-move instruction.
 943:	461D          		head CMOVE,CMOVE,docode
 943:	461D  FA45    			DW link
 943:	461F  00      			DB 0
 943:	4620          	link    DEFL $
 943:	4620  05      			DB CMOVE - $ -1
 943:	4621  434D4F56			DB 'CMOVE'
	      45
 943:	4626          	CMOVE:
 943:	0000          	IF  !(docode=DOCODE)
 943:					call docode
 943:			ENDIF
 943:	4626          			ENDM
 944:	4626  C5      			push bc
 945:	4627  D9      			exx
 946:	4628  C1      			pop bc      ; count
 947:	4629  D1      			pop de      ; destination adrs
 948:	462A  E1      			pop hl      ; source adrs
 949:	462B  78      			ld a,b      ; test for count=0
 950:	462C  B1      			or c
 951:	462D  2802    			jr z,cmovedone
 952:	462F  EDB0    			ldir        ; move from bottom to top
 953:	4631  D9      	cmovedone: exx
 954:	4632  C1      			pop bc      ; pop new TOS
 955:	4633          			next
 955:	4633  EB      			ex de,hl
 955:	4634          			nexthl
 955:	4634  5E      			ld e,(hl)
 955:	4635  23      			inc hl
 955:	4636  56      			ld d,(hl)
 955:	4637  23      			inc hl
 955:	4638  EB      			ex de,hl
 955:	4639  E9      			jp (hl)
 955:	463A          			ENDM
 955:	463A          			ENDM
 956:			
 957:			;X CMOVE>  c-addr1 c-addr2 u --  move from top
 958:			; as defined in the ANSI optional String word set
 959:	463A          		head CMOVEUP,CMOVE>,docode
 959:	463A  2046    			DW link
 959:	463C  00      			DB 0
 959:	463D          	link    DEFL $
 959:	463D  06      			DB CMOVEUP - $ -1
 959:	463E  434D4F56			DB 'CMOVE>'
	      453E
 959:	4644          	CMOVEUP:
 959:	0000          	IF  !(docode=DOCODE)
 959:					call docode
 959:			ENDIF
 959:	4644          			ENDM
 960:	4644  C5      			push bc
 961:	4645  D9      			exx
 962:	4646  C1      			pop bc      ; count
 963:	4647  E1      			pop hl      ; destination adrs
 964:	4648  D1      			pop de      ; source adrs
 965:	4649  78      			ld a,b      ; test for count=0
 966:	464A  B1      			or c
 967:	464B  2807    			jr z,umovedone
 968:	464D  09      			add hl,bc   ; last byte in destination
 969:	464E  2B      			dec hl
 970:	464F  EB      			ex de,hl
 971:	4650  09      			add hl,bc   ; last byte in source
 972:	4651  2B      			dec hl
 973:	4652  EDB8    			lddr        ; move from top to bottom
 974:	4654  D9      	umovedone: exx
 975:	4655  C1      			pop bc      ; pop new TOS
 976:	4656          			next
 976:	4656  EB      			ex de,hl
 976:	4657          			nexthl
 976:	4657  5E      			ld e,(hl)
 976:	4658  23      			inc hl
 976:	4659  56      			ld d,(hl)
 976:	465A  23      			inc hl
 976:	465B  EB      			ex de,hl
 976:	465C  E9      			jp (hl)
 976:	465D          			ENDM
 976:	465D          			ENDM
 977:			
 978:			;Z SKIP   c-addr u c -- c-addr' u'
 979:			;Z                          skip matching chars
 980:			; Although SKIP, SCAN, and S= are perhaps not the
 981:			; ideal factors of WORD and FIND, they closely
 982:			; follow the string operations available on many
 983:			; CPUs, and so are easy to implement and fast.
 984:	465D          		head skip,SKIP,docode
 984:	465D  3D46    			DW link
 984:	465F  00      			DB 0
 984:	4660          	link    DEFL $
 984:	4660  04      			DB skip - $ -1
 984:	4661  534B4950			DB 'SKIP'
 984:	4665          	skip:
 984:	0000          	IF  !(docode=DOCODE)
 984:					call docode
 984:			ENDIF
 984:	4665          			ENDM
 985:	4665  79      			ld a,c      ; skip character
 986:	4666  D9      			exx
 987:	4667  C1      			pop bc      ; count
 988:	4668  E1      			pop hl      ; address
 989:	4669  5F      			ld e,a      ; test for count=0
 990:	466A  78      			ld a,b
 991:	466B  B1      			or c
 992:	466C  280C    			jr z,skipdone
 993:	466E  7B      			ld a,e
 994:	466F  EDA1    	skiploop: cpi
 995:	4671  2005    			jr nz,skipmis   ; char mismatch: exit
 996:	4673  EA6F46  			jp pe,skiploop  ; count not exhausted
 997:	4676  1802    			jr skipdone     ; count 0, no mismatch
 998:	4678  03      	skipmis: inc bc         ; mismatch!  undo last to
 999:	4679  2B      			dec hl          ;  point at mismatch char
1000:	467A  E5      	skipdone: push hl   ; updated address
1001:	467B  C5      			push bc     ; updated count
1002:	467C  D9      			exx
1003:	467D  C1      			pop bc      ; TOS in bc
1004:	467E          			next
1004:	467E  EB      			ex de,hl
1004:	467F          			nexthl
1004:	467F  5E      			ld e,(hl)
1004:	4680  23      			inc hl
1004:	4681  56      			ld d,(hl)
1004:	4682  23      			inc hl
1004:	4683  EB      			ex de,hl
1004:	4684  E9      			jp (hl)
1004:	4685          			ENDM
1004:	4685          			ENDM
1005:			
1006:			;Z SCAN    c-addr u c -- c-addr' u'
1007:			;Z                      find matching char
1008:	4685          		head scan,SCAN,docode
1008:	4685  6046    			DW link
1008:	4687  00      			DB 0
1008:	4688          	link    DEFL $
1008:	4688  04      			DB scan - $ -1
1008:	4689  5343414E			DB 'SCAN'
1008:	468D          	scan:
1008:	0000          	IF  !(docode=DOCODE)
1008:					call docode
1008:			ENDIF
1008:	468D          			ENDM
1009:	468D  79      			ld a,c      ; scan character
1010:	468E  D9      			exx
1011:	468F  C1      			pop bc      ; count
1012:	4690  E1      			pop hl      ; address
1013:	4691  5F      			ld e,a      ; test for count=0
1014:	4692  78      			ld a,b
1015:	4693  B1      			or c
1016:	4694  2807    			jr z,scandone
1017:	4696  7B      			ld a,e
1018:	4697  EDB1    			cpir        ; scan 'til match or count=0
1019:	4699  2002    			jr nz,scandone  ; no match, BC & HL ok
1020:	469B  03      			inc bc          ; match!  undo last to
1021:	469C  2B      			dec hl          ;   point at match char
1022:	469D  E5      	scandone: push hl   ; updated address
1023:	469E  C5      			push bc     ; updated count
1024:	469F  D9      			exx
1025:	46A0  C1      			pop bc      ; TOS in bc
1026:	46A1          			next
1026:	46A1  EB      			ex de,hl
1026:	46A2          			nexthl
1026:	46A2  5E      			ld e,(hl)
1026:	46A3  23      			inc hl
1026:	46A4  56      			ld d,(hl)
1026:	46A5  23      			inc hl
1026:	46A6  EB      			ex de,hl
1026:	46A7  E9      			jp (hl)
1026:	46A8          			ENDM
1026:	46A8          			ENDM
1027:			
1028:			;Z S=    c-addr1 c-addr2 u -- n   string compare
1029:			;Z             n<0: s1<s2, n=0: s1=s2, n>0: s1>s2
1030:	46A8          		head sequal,S=,docode
1030:	46A8  8846    			DW link
1030:	46AA  00      			DB 0
1030:	46AB          	link    DEFL $
1030:	46AB  02      			DB sequal - $ -1
1030:	46AC  533D    			DB 'S='
1030:	46AE          	sequal:
1030:	0000          	IF  !(docode=DOCODE)
1030:					call docode
1030:			ENDIF
1030:	46AE          			ENDM
1031:	46AE  C5      			push bc
1032:	46AF  D9      			exx
1033:	46B0  C1      			pop bc      ; count
1034:	46B1  E1      			pop hl      ; addr2
1035:	46B2  D1      			pop de      ; addr1
1036:	46B3  78      			ld a,b      ; test for count=0
1037:	46B4  B1      			or c
1038:	46B5  2809    			jr z,smatch     ; by definition, match!
1039:	46B7  1A      	sloop:  ld a,(de)
1040:	46B8  13      			inc de
1041:	46B9  EDA1    			cpi
1042:	46BB  2009    			jr nz,sdiff     ; char mismatch: exit
1043:	46BD  EAB746  			jp pe,sloop     ; count not exhausted
1044:	46C0          	smatch: ; count exhausted & no mismatch found
1045:	46C0  D9      			exx
1046:	46C1  010000  			ld bc,0         ; bc=0000  (s1=s2)
1047:	46C4  1808    			jr snext
1048:	46C6          	sdiff:  ; mismatch!  undo last 'cpi' increment
1049:	46C6  2B      			dec hl          ; point at mismatch char
1050:	46C7  BE      			cp (hl)         ; set cy if char1 < char2
1051:	46C8  9F      			sbc a,a         ; propagate cy thru A
1052:	46C9  D9      			exx
1053:	46CA  47      			ld b,a          ; bc=FFFF if cy (s1<s2)
1054:	46CB  F601    			or 1            ; bc=0001 if ncy (s1>s2)
1055:	46CD  4F      			ld c,a
1056:	46CE          	snext:  next
1056:	46CE  EB      			ex de,hl
1056:	46CF          			nexthl
1056:	46CF  5E      			ld e,(hl)
1056:	46D0  23      			inc hl
1056:	46D1  56      			ld d,(hl)
1056:	46D2  23      			inc hl
1056:	46D3  EB      			ex de,hl
1056:	46D4  E9      			jp (hl)
1056:	46D5          			ENDM
1056:	46D5          			ENDM
1057:			
1058:	46D5  00      		nop
1059:			
1060:				include camel80d.azm   ; CPU Dependencies
**** /home/juergen/Projects/zilogz80-code/SELZ80Trainer/ROMS/camel80d.azm ****
   1:			; LISTING 3.
   2:			;
   3:			; ===============================================
   4:			; CamelForth for the Zilog Z80
   5:			; (c) 1994 Bradford J. Rodriguez
   6:			; Permission is granted to freely copy, modify,
   7:			; and distribute this program for personal or
   8:			; educational use.  Commercial inquiries should
   9:			; be directed to the author at 221 King St. E.,
  10:			; #32, Hamilton, Ontario L8N 1B5 Canada
  11:			;
  12:			; CAMEL80D.AZM: CPU and Model Dependencies
  13:			;   Source code is for the Z80MR macro assembler.
  14:			;   Forth words are documented as follows:
  15:			;*   NAME     stack -- stack    description
  16:			;   Word names in upper case are from the ANS
  17:			;   Forth Core word set.  Names in lower case are
  18:			;   "internal" implementation words & extensions.
  19:			;
  20:			; Direct-Threaded Forth model for Zilog Z80
  21:			;   cell size is   16 bits (2 bytes)
  22:			;   char size is    8 bits (1 byte)
  23:			;   address unit is 8 bits (1 byte), i.e.,
  24:			;       addresses are byte-aligned.
  25:			; ===============================================
  26:			
  27:			; ALIGNMENT AND PORTABILITY OPERATORS ===========
  28:			; Many of these are synonyms for other words,
  29:			; and so are defined as CODE words.
  30:			
  31:			;C ALIGN    --                         align HERE
  32:	46D6          		head ALIGN,ALIGN,docode
  32:	46D6  AB46    			DW link
  32:	46D8  00      			DB 0
  32:	46D9          	link    DEFL $
  32:	46D9  05      			DB ALIGN - $ -1
  32:	46DA  414C4947			DB 'ALIGN'
	      4E
  32:	46DF          	ALIGN:
  32:	0000          	IF  !(docode=DOCODE)
  32:					call docode
  32:			ENDIF
  32:	46DF          			ENDM
  33:	46DF          	noop:   next
  33:	46DF  EB      			ex de,hl
  33:	46E0          			nexthl
  33:	46E0  5E      			ld e,(hl)
  33:	46E1  23      			inc hl
  33:	46E2  56      			ld d,(hl)
  33:	46E3  23      			inc hl
  33:	46E4  EB      			ex de,hl
  33:	46E5  E9      			jp (hl)
  33:	46E6          			ENDM
  33:	46E6          			ENDM
  34:			
  35:			;C ALIGNED  addr -- a-addr       align given addr
  36:	46E6          		head ALIGNED,ALIGNED,docode
  36:	46E6  D946    			DW link
  36:	46E8  00      			DB 0
  36:	46E9          	link    DEFL $
  36:	46E9  07      			DB ALIGNED - $ -1
  36:	46EA  414C4947			DB 'ALIGNED'
	      4E4544
  36:	46F1          	ALIGNED:
  36:	0000          	IF  !(docode=DOCODE)
  36:					call docode
  36:			ENDIF
  36:	46F1          			ENDM
  37:	46F1  18EC    			jr noop
  38:			
  39:			;Z CELL     -- n                 size of one cell
  40:	46F3          		head CELL,CELL,docon
  40:	46F3  E946    			DW link
  40:	46F5  00      			DB 0
  40:	46F6          	link    DEFL $
  40:	46F6  04      			DB CELL - $ -1
  40:	46F7  43454C4C			DB 'CELL'
  40:	46FB          	CELL:
  40:	0001          	IF  !(docon=DOCODE)
  40:	46FB  CDA240  			call docon
  40:			ENDIF
  40:	46FE          			ENDM
  41:	46FE  0200    			dw 2
  42:			
  43:			;C CELL+    a-addr1 -- a-addr2      add cell size
  44:			;   2 + ;
  45:	4700          		head CELLPLUS,CELL+,docode
  45:	4700  F646    			DW link
  45:	4702  00      			DB 0
  45:	4703          	link    DEFL $
  45:	4703  05      			DB CELLPLUS - $ -1
  45:	4704  43454C4C			DB 'CELL+'
	      2B
  45:	4709          	CELLPLUS:
  45:	0000          	IF  !(docode=DOCODE)
  45:					call docode
  45:			ENDIF
  45:	4709          			ENDM
  46:	4709  03      			inc bc
  47:	470A  03      			inc bc
  48:	470B          			next
  48:	470B  EB      			ex de,hl
  48:	470C          			nexthl
  48:	470C  5E      			ld e,(hl)
  48:	470D  23      			inc hl
  48:	470E  56      			ld d,(hl)
  48:	470F  23      			inc hl
  48:	4710  EB      			ex de,hl
  48:	4711  E9      			jp (hl)
  48:	4712          			ENDM
  48:	4712          			ENDM
  49:			
  50:			;C CELLS    n1 -- n2            cells->adrs units
  51:	4712          		head CELLS,CELLS,docode
  51:	4712  0347    			DW link
  51:	4714  00      			DB 0
  51:	4715          	link    DEFL $
  51:	4715  05      			DB CELLS - $ -1
  51:	4716  43454C4C			DB 'CELLS'
	      53
  51:	471B          	CELLS:
  51:	0000          	IF  !(docode=DOCODE)
  51:					call docode
  51:			ENDIF
  51:	471B          			ENDM
  52:	471B  C39443  			jp twostar
  53:			
  54:			;C CHAR+    c-addr1 -- c-addr2   add char size
  55:	471E          		head CHARPLUS,CHAR+,docode
  55:	471E  1547    			DW link
  55:	4720  00      			DB 0
  55:	4721          	link    DEFL $
  55:	4721  05      			DB CHARPLUS - $ -1
  55:	4722  43484152			DB 'CHAR+'
	      2B
  55:	4727          	CHARPLUS:
  55:	0000          	IF  !(docode=DOCODE)
  55:					call docode
  55:			ENDIF
  55:	4727          			ENDM
  56:	4727  C36843  			jp oneplus
  57:			
  58:			;C CHARS    n1 -- n2            chars->adrs units
  59:	472A          		head CHARS,CHARS,docode
  59:	472A  2147    			DW link
  59:	472C  00      			DB 0
  59:	472D          	link    DEFL $
  59:	472D  05      			DB CHARS - $ -1
  59:	472E  43484152			DB 'CHARS'
	      53
  59:	4733          	CHARS:
  59:	0000          	IF  !(docode=DOCODE)
  59:					call docode
  59:			ENDIF
  59:	4733          			ENDM
  60:	4733  18AA    			jr noop
  61:			
  62:			;C >BODY    xt -- a-addr      adrs of param field
  63:			;   3 + ;                     Z80 (3 byte CALL)
  64:	4735          		head TOBODY,>BODY,docolon
  64:	4735  2D47    			DW link
  64:	4737  00      			DB 0
  64:	4738          	link    DEFL $
  64:	4738  05      			DB TOBODY - $ -1
  64:	4739  3E424F44			DB '>BODY'
	      59
  64:	473E          	TOBODY:
  64:	0001          	IF  !(docolon=DOCODE)
  64:	473E  CD5640  			call docolon
  64:			ENDIF
  64:	4741          			ENDM
  65:	4741  39400300			DW LIT,3,PLUS,EXIT
	      C0422140
  66:			
  67:			;X COMPILE,  xt --         append execution token
  68:			; I called this word ,XT before I discovered that
  69:			; it is defined in the ANSI standard as COMPILE,.
  70:			; On a DTC Forth this simply appends xt (like , )
  71:			; but on an STC Forth this must append 'CALL xt'.
  72:	4749          		head COMMAXT,'COMPILE,',docode
  72:	4749  3847    			DW link
  72:	474B  00      			DB 0
  72:	474C          	link    DEFL $
  72:	474C  08      			DB COMMAXT - $ -1
  72:	474D  434F4D50			DB 'COMPILE,'
	      494C452C
  72:	4755          	COMMAXT:
  72:	0000          	IF  !(docode=DOCODE)
  72:					call docode
  72:			ENDIF
  72:	4755          			ENDM
  73:	4755  C3B94D  			jp COMMA
  74:			
  75:			;Z !CF    adrs cfa --   set code action of a word
  76:			;   0CD OVER C!         store 'CALL adrs' instr
  77:			;   1+ ! ;              Z80 VERSION
  78:			; Depending on the implementation this could
  79:			; append CALL adrs or JUMP adrs.
  80:	4758          		head STORECF,!CF,docolon
  80:	4758  4C47    			DW link
  80:	475A  00      			DB 0
  80:	475B          	link    DEFL $
  80:	475B  03      			DB STORECF - $ -1
  80:	475C  214346  			DB '!CF'
  80:	475F          	STORECF:
  80:	0001          	IF  !(docolon=DOCODE)
  80:	475F  CD5640  			call docolon
  80:			ENDIF
  80:	4762          			ENDM
  81:	4762  3940CD00			DW LIT,0CDH,OVER,CSTORE
	      81416942
  82:	476A  68435542			DW ONEPLUS,STORE,EXIT
	      2140
  83:			
  84:			;Z ,CF    adrs --       append a code field
  85:			;   HERE !CF 3 ALLOT ;  Z80 VERSION (3 bytes)
  86:	4770          		head COMMACF,',CF',docolon
  86:	4770  5B47    			DW link
  86:	4772  00      			DB 0
  86:	4773          	link    DEFL $
  86:	4773  03      			DB COMMACF - $ -1
  86:	4774  2C4346  			DB ',CF'
  86:	4777          	COMMACF:
  86:	0001          	IF  !(docolon=DOCODE)
  86:	4777  CD5640  			call docolon
  86:			ENDIF
  86:	477A          			ENDM
  87:	477A  994D5F47			DW HERE,STORECF,LIT,3,ALLOT,EXIT
	      39400300
	      AB4D2140
  88:			
  89:			;Z !COLON   --      change code field to docolon
  90:			;   -3 ALLOT docolon-adrs ,CF ;
  91:			; This should be used immediately after CREATE.
  92:			; This is made a distinct word, because on an STC
  93:			; Forth, colon definitions have no code field.
  94:	4786          		head STORCOLON,'!COLON',docolon
  94:	4786  7347    			DW link
  94:	4788  00      			DB 0
  94:	4789          	link    DEFL $
  94:	4789  06      			DB STORCOLON - $ -1
  94:	478A  21434F4C			DB '!COLON'
	      4F4E
  94:	4790          	STORCOLON:
  94:	0001          	IF  !(docolon=DOCODE)
  94:	4790  CD5640  			call docolon
  94:			ENDIF
  94:	4793          			ENDM
  95:	4793  3940FDFF			DW LIT,-3,ALLOT
	      AB4D
  96:	4799  39405640			DW LIT,docolon,COMMACF,EXIT
	      77472140
  97:			
  98:			;Z ,EXIT    --      append hi-level EXIT action
  99:			;   ['] EXIT ,XT ;
 100:			; This is made a distinct word, because on an STC
 101:			; Forth, it appends a RET instruction, not an xt.
 102:	47A1          		head CEXIT,',EXIT',docolon
 102:	47A1  8947    			DW link
 102:	47A3  00      			DB 0
 102:	47A4          	link    DEFL $
 102:	47A4  05      			DB CEXIT - $ -1
 102:	47A5  2C455849			DB ',EXIT'
	      54
 102:	47AA          	CEXIT:
 102:	0001          	IF  !(docolon=DOCODE)
 102:	47AA  CD5640  			call docolon
 102:			ENDIF
 102:	47AD          			ENDM
 103:	47AD  39402140			DW LIT,EXIT,COMMAXT,EXIT
	      55472140
 104:			
 105:			; CONTROL STRUCTURES ============================
 106:			; These words allow Forth control structure words
 107:			; to be defined portably.
 108:			
 109:			;Z ,BRANCH   xt --    append a branch instruction
 110:			; xt is the branch operator to use, e.g. qbranch
 111:			; or (loop).  It does NOT append the destination
 112:			; address.  On the Z80 this is equivalent to ,XT.
 113:	47B5          		head COMMABRANCH,',BRANCH',docode
 113:	47B5  A447    			DW link
 113:	47B7  00      			DB 0
 113:	47B8          	link    DEFL $
 113:	47B8  07      			DB COMMABRANCH - $ -1
 113:	47B9  2C425241			DB ',BRANCH'
	      4E4348
 113:	47C0          	COMMABRANCH:
 113:	0000          	IF  !(docode=DOCODE)
 113:					call docode
 113:			ENDIF
 113:	47C0          			ENDM
 114:	47C0  C3B94D  			jp COMMA
 115:			
 116:			;Z ,DEST   dest --        append a branch address
 117:			; This appends the given destination address to
 118:			; the branch instruction.  On the Z80 this is ','
 119:			; ...other CPUs may use relative addressing.
 120:	47C3          		head COMMADEST,',DEST',docode
 120:	47C3  B847    			DW link
 120:	47C5  00      			DB 0
 120:	47C6          	link    DEFL $
 120:	47C6  05      			DB COMMADEST - $ -1
 120:	47C7  2C444553			DB ',DEST'
	      54
 120:	47CC          	COMMADEST:
 120:	0000          	IF  !(docode=DOCODE)
 120:					call docode
 120:			ENDIF
 120:	47CC          			ENDM
 121:	47CC  C3B94D  			jp COMMA
 122:			
 123:			;Z !DEST   dest adrs --    change a branch dest'n
 124:			; Changes the destination address found at 'adrs'
 125:			; to the given 'dest'.  On the Z80 this is '!'
 126:			; ...other CPUs may need relative addressing.
 127:	47CF          		head STOREDEST,'!DEST',docode
 127:	47CF  C647    			DW link
 127:	47D1  00      			DB 0
 127:	47D2          	link    DEFL $
 127:	47D2  05      			DB STOREDEST - $ -1
 127:	47D3  21444553			DB '!DEST'
	      54
 127:	47D8          	STOREDEST:
 127:	0000          	IF  !(docode=DOCODE)
 127:					call docode
 127:			ENDIF
 127:	47D8          			ENDM
 128:	47D8  C35542  			jp STORE
 129:			
 130:			; HEADER STRUCTURE ==============================
 131:			; The structure of the Forth dictionary headers
 132:			; (name, link, immediate flagand "smudge" bit)
 133:			; does not necessarily differ across CPUs.  This
 134:			; structure is not easily factored into distinct
 135:			; "portable" words; instead, it is implicit in
 136:			; the definitions of FIND and CREATE, and also in
 137:			; NFA>LFA, NFA>CFA, IMMED?, IMMEDIATE, HIDE, and
 138:			; REVEAL.  These words must be (substantially)
 139:			; rewritten if either the header structure or its
 140:			; inherent assumptions are changed.
 141:			
 142:			;end
**** /home/juergen/Projects/zilogz80-code/SELZ80Trainer/ROMS/camel80.z80 ****
1061:				include camel80h.azm   ; High Level words
**** /home/juergen/Projects/zilogz80-code/SELZ80Trainer/ROMS/camel80h.azm ****
   1:			; LISTING 2.
   2:			;
   3:			; ===============================================
   4:			; CamelForth for the Zilog Z80
   5:			; (c) 1994 Bradford J. Rodriguez
   6:			; Permission is granted to freely copy, modify,
   7:			; and distribute this program for personal or
   8:			; educational use.  Commercial inquiries should
   9:			; be directed to the author at 221 King St. E.,
  10:			; #32, Hamilton, Ontario L8N 1B5 Canada
  11:			;
  12:			; CAMEL80H.AZM: High Level Words
  13:			;   Source code is for the Z80MR macro assembler.
  14:			;   Forth words are documented as follows:
  15:			;*   NAME     stack -- stack    description
  16:			;   Word names in upper case are from the ANS
  17:			;   Forth Core word set.  Names in lower case are
  18:			;   "internal" implementation words & extensions.
  19:			; ===============================================
  20:			
  21:			; SYSTEM VARIABLES & CONSTANTS ==================
  22:			
  23:			;C BL      -- char            an ASCII space
  24:	47DB          		head BL,BL,docon
  24:	47DB  D247    			DW link
  24:	47DD  00      			DB 0
  24:	47DE          	link    DEFL $
  24:	47DE  02      			DB BL - $ -1
  24:	47DF  424C    			DB 'BL'
  24:	47E1          	BL:
  24:	0001          	IF  !(docon=DOCODE)
  24:	47E1  CDA240  			call docon
  24:			ENDIF
  24:	47E4          			ENDM
  25:	47E4  2000    			dw 20h
  26:			
  27:			;Z tibsize  -- n         size of TIB
  28:	47E6          		head TIBSIZE,TIBSIZE,docon
  28:	47E6  DE47    			DW link
  28:	47E8  00      			DB 0
  28:	47E9          	link    DEFL $
  28:	47E9  07      			DB TIBSIZE - $ -1
  28:	47EA  54494253			DB 'TIBSIZE'
	      495A45
  28:	47F1          	TIBSIZE:
  28:	0001          	IF  !(docon=DOCODE)
  28:	47F1  CDA240  			call docon
  28:			ENDIF
  28:	47F4          			ENDM
  29:	47F4  8000    			dw SELTIBSIZE
  30:			
  31:			;X tib     -- a-addr     Terminal Input Buffer
  32:			;  HEX 82 CONSTANT TIB   CP/M systems: 126 bytes
  33:			;  HEX -80 USER TIB      others: below user area
  34:	47F6          		head TIB,TIB,docon
  34:	47F6  E947    			DW link
  34:	47F8  00      			DB 0
  34:	47F9          	link    DEFL $
  34:	47F9  03      			DB TIB - $ -1
  34:	47FA  544942  			DB 'TIB'
  34:	47FD          	TIB:
  34:	0001          	IF  !(docon=DOCODE)
  34:	47FD  CDA240  			call docon
  34:			ENDIF
  34:	4800          			ENDM
  35:					;dw 82h
  36:	4800  0010    			dw SELTIB
  37:			
  38:			;Z u0      -- a-addr       current user area adrs
  39:			;  0 USER U0
  40:	4802          		head U0,U0,douser
  40:	4802  F947    			DW link
  40:	4804  00      			DB 0
  40:	4805          	link    DEFL $
  40:	4805  02      			DB U0 - $ -1
  40:	4806  5530    			DB 'U0'
  40:	4808          	U0:
  40:	0001          	IF  !(douser=DOCODE)
  40:	4808  CDBF40  			call douser
  40:			ENDIF
  40:	480B          			ENDM
  41:	480B  0000    			dw 0
  42:			
  43:			;C >IN     -- a-addr        holds offset into TIB
  44:			;  2 USER >IN
  45:	480D          		head TOIN,>IN,douser
  45:	480D  0548    			DW link
  45:	480F  00      			DB 0
  45:	4810          	link    DEFL $
  45:	4810  03      			DB TOIN - $ -1
  45:	4811  3E494E  			DB '>IN'
  45:	4814          	TOIN:
  45:	0001          	IF  !(douser=DOCODE)
  45:	4814  CDBF40  			call douser
  45:			ENDIF
  45:	4817          			ENDM
  46:	4817  0200    			dw 2
  47:			
  48:			;C BASE    -- a-addr       holds conversion radix
  49:			;  4 USER BASE
  50:	4819          		head BASE,BASE,douser
  50:	4819  1048    			DW link
  50:	481B  00      			DB 0
  50:	481C          	link    DEFL $
  50:	481C  04      			DB BASE - $ -1
  50:	481D  42415345			DB 'BASE'
  50:	4821          	BASE:
  50:	0001          	IF  !(douser=DOCODE)
  50:	4821  CDBF40  			call douser
  50:			ENDIF
  50:	4824          			ENDM
  51:	4824  0400    			dw 4
  52:			
  53:			;C STATE   -- a-addr       holds compiler state
  54:			;  6 USER STATE
  55:	4826          		head STATE,STATE,douser
  55:	4826  1C48    			DW link
  55:	4828  00      			DB 0
  55:	4829          	link    DEFL $
  55:	4829  05      			DB STATE - $ -1
  55:	482A  53544154			DB 'STATE'
	      45
  55:	482F          	STATE:
  55:	0001          	IF  !(douser=DOCODE)
  55:	482F  CDBF40  			call douser
  55:			ENDIF
  55:	4832          			ENDM
  56:	4832  0600    			dw 6
  57:			
  58:			;Z dp      -- a-addr       holds dictionary ptr
  59:			;  8 USER DP
  60:	4834          		head DP,DP,douser
  60:	4834  2948    			DW link
  60:	4836  00      			DB 0
  60:	4837          	link    DEFL $
  60:	4837  02      			DB DP - $ -1
  60:	4838  4450    			DB 'DP'
  60:	483A          	DP:
  60:	0001          	IF  !(douser=DOCODE)
  60:	483A  CDBF40  			call douser
  60:			ENDIF
  60:	483D          			ENDM
  61:	483D  0800    			dw 8
  62:			
  63:			;Z 'source  -- a-addr      two cells: len, adrs
  64:			; 10 USER 'SOURCE
  65:			;    head TICKSOURCE,'SOURCE,douser
  66:	483F  3748    			DW link                 ; must expand
  67:	4841  00      			DB 0                    ; manually
  68:	4842          	link    DEFL $                  ; because of
  69:	4842  0727534F			DB 7,27h,'SOURCE'       ; tick character
	      55524345
  70:	484A  CDBF40  	TICKSOURCE: call douser         ; in name!
  71:	484D  0A00    			dw 10
  72:			
  73:			;Z latest    -- a-addr     last word in dict.
  74:			;   14 USER LATEST
  75:	484F          		head LATEST,LATEST,douser
  75:	484F  4248    			DW link
  75:	4851  00      			DB 0
  75:	4852          	link    DEFL $
  75:	4852  06      			DB LATEST - $ -1
  75:	4853  4C415445			DB 'LATEST'
	      5354
  75:	4859          	LATEST:
  75:	0001          	IF  !(douser=DOCODE)
  75:	4859  CDBF40  			call douser
  75:			ENDIF
  75:	485C          			ENDM
  76:	485C  0E00    			dw 14
  77:			
  78:			;Z hp       -- a-addr     HOLD pointer
  79:			;   16 USER HP
  80:	485E          		head HP,HP,douser
  80:	485E  5248    			DW link
  80:	4860  00      			DB 0
  80:	4861          	link    DEFL $
  80:	4861  02      			DB HP - $ -1
  80:	4862  4850    			DB 'HP'
  80:	4864          	HP:
  80:	0001          	IF  !(douser=DOCODE)
  80:	4864  CDBF40  			call douser
  80:			ENDIF
  80:	4867          			ENDM
  81:	4867  1000    			dw 16
  82:			
  83:			;Z LP       -- a-addr     Leave-stack pointer
  84:			;   18 USER LP
  85:	4869          		head LP,LP,douser
  85:	4869  6148    			DW link
  85:	486B  00      			DB 0
  85:	486C          	link    DEFL $
  85:	486C  02      			DB LP - $ -1
  85:	486D  4C50    			DB 'LP'
  85:	486F          	LP:
  85:	0001          	IF  !(douser=DOCODE)
  85:	486F  CDBF40  			call douser
  85:			ENDIF
  85:	4872          			ENDM
  86:	4872  1200    			dw 18
  87:			
  88:			;Z s0       -- a-addr     end of parameter stack
  89:	4874          		head S0,S0,douser
  89:	4874  6C48    			DW link
  89:	4876  00      			DB 0
  89:	4877          	link    DEFL $
  89:	4877  02      			DB S0 - $ -1
  89:	4878  5330    			DB 'S0'
  89:	487A          	S0:
  89:	0001          	IF  !(douser=DOCODE)
  89:	487A  CDBF40  			call douser
  89:			ENDIF
  89:	487D          			ENDM
  90:	487D  0001    			dw 100h
  91:			
  92:			;X PAD       -- a-addr    user PAD buffer
  93:			;                         = end of hold area!
  94:	487F          		head PAD,PAD,douser
  94:	487F  7748    			DW link
  94:	4881  00      			DB 0
  94:	4882          	link    DEFL $
  94:	4882  03      			DB PAD - $ -1
  94:	4883  504144  			DB 'PAD'
  94:	4886          	PAD:
  94:	0001          	IF  !(douser=DOCODE)
  94:	4886  CDBF40  			call douser
  94:			ENDIF
  94:	4889          			ENDM
  95:	4889  2801    			dw 128h
  96:			
  97:			;Z l0       -- a-addr     bottom of Leave stack
  98:	488B          		head L0,L0,douser
  98:	488B  8248    			DW link
  98:	488D  00      			DB 0
  98:	488E          	link    DEFL $
  98:	488E  02      			DB L0 - $ -1
  98:	488F  4C30    			DB 'L0'
  98:	4891          	L0:
  98:	0001          	IF  !(douser=DOCODE)
  98:	4891  CDBF40  			call douser
  98:			ENDIF
  98:	4894          			ENDM
  99:	4894  8001    			dw 180h
 100:			
 101:			;Z r0       -- a-addr     end of return stack
 102:	4896          		head R0,R0,douser
 102:	4896  8E48    			DW link
 102:	4898  00      			DB 0
 102:	4899          	link    DEFL $
 102:	4899  02      			DB R0 - $ -1
 102:	489A  5230    			DB 'R0'
 102:	489C          	R0:
 102:	0001          	IF  !(douser=DOCODE)
 102:	489C  CDBF40  			call douser
 102:			ENDIF
 102:	489F          			ENDM
 103:	489F  0002    			dw 200h
 104:			
 105:			;Z uinit    -- addr  initial values for user area
 106:	48A1          		head UINIT,UINIT,docreate
 106:	48A1  9948    			DW link
 106:	48A3  00      			DB 0
 106:	48A4          	link    DEFL $
 106:	48A4  05      			DB UINIT - $ -1
 106:	48A5  55494E49			DB 'UINIT'
	      54
 106:	48AA          	UINIT:
 106:	0001          	IF  !(docreate=DOCODE)
 106:	48AA  CD8240  			call docreate
 106:			ENDIF
 106:	48AD          			ENDM
 107:	48AD  00000000			DW 0,0,10,0     ; reserved,>IN,BASE,STATE
	      0A000000
 108:	48B5  0060    			DW enddict      ; DP
 109:	48B7  00000000			DW 0,0          ; SOURCE init'd elsewhere
 110:	48BB  3456    			DW lastword     ; LATEST
 111:	48BD  0000    			DW 0            ; HP init'd elsewhere
 112:			
 113:			;Z #init    -- n    #bytes of user area init data
 114:	48BF          		head NINIT,#INIT,docon
 114:	48BF  A448    			DW link
 114:	48C1  00      			DB 0
 114:	48C2          	link    DEFL $
 114:	48C2  05      			DB NINIT - $ -1
 114:	48C3  23494E49			DB '#INIT'
	      54
 114:	48C8          	NINIT:
 114:	0001          	IF  !(docon=DOCODE)
 114:	48C8  CDA240  			call docon
 114:			ENDIF
 114:	48CB          			ENDM
 115:	48CB  1200    			DW 18
 116:			
 117:			; ARITHMETIC OPERATORS ==========================
 118:			
 119:			;C S>D    n -- d          single -> double prec.
 120:			;   DUP 0< ;
 121:	48CD          		head STOD,S>D,docolon
 121:	48CD  C248    			DW link
 121:	48CF  00      			DB 0
 121:	48D0          	link    DEFL $
 121:	48D0  03      			DB STOD - $ -1
 121:	48D1  533E44  			DB 'S>D'
 121:	48D4          	STOD:
 121:	0001          	IF  !(docolon=DOCODE)
 121:	48D4  CD5640  			call docolon
 121:			ENDIF
 121:	48D7          			ENDM
 122:	48D7  3B411944			dw DUP,ZEROLESS,EXIT
	      2140
 123:			
 124:			;Z ?NEGATE  n1 n2 -- n3  negate n1 if n2 negative
 125:			;   0< IF NEGATE THEN ;        ...a common factor
 126:	48DD          		head QNEGATE,?NEGATE,docolon
 126:	48DD  D048    			DW link
 126:	48DF  00      			DB 0
 126:	48E0          	link    DEFL $
 126:	48E0  07      			DB QNEGATE - $ -1
 126:	48E1  3F4E4547			DB '?NEGATE'
	      415445
 126:	48E8          	QNEGATE:
 126:	0001          	IF  !(docolon=DOCODE)
 126:	48E8  CD5640  			call docolon
 126:			ENDIF
 126:	48EB          			ENDM
 127:	48EB  1944B844			DW ZEROLESS,qbranch,QNEG1,NEGATE
	      F3485443
 128:	48F3  2140    	QNEG1:  DW EXIT
 129:			
 130:			;C ABS     n1 -- +n2     absolute value
 131:			;   DUP ?NEGATE ;
 132:	48F5          		head ABS,ABS,docolon
 132:	48F5  E048    			DW link
 132:	48F7  00      			DB 0
 132:	48F8          	link    DEFL $
 132:	48F8  03      			DB ABS - $ -1
 132:	48F9  414253  			DB 'ABS'
 132:	48FC          	ABS:
 132:	0001          	IF  !(docolon=DOCODE)
 132:	48FC  CD5640  			call docolon
 132:			ENDIF
 132:	48FF          			ENDM
 133:	48FF  3B41E848			DW DUP,QNEGATE,EXIT
	      2140
 134:			
 135:			;X DNEGATE   d1 -- d2     negate double precision
 136:			;   SWAP INVERT SWAP INVERT 1 M+ ;
 137:	4905          		head DNEGATE,DNEGATE,docolon
 137:	4905  F848    			DW link
 137:	4907  00      			DB 0
 137:	4908          	link    DEFL $
 137:	4908  07      			DB DNEGATE - $ -1
 137:	4909  444E4547			DB 'DNEGATE'
	      415445
 137:	4910          	DNEGATE:
 137:	0001          	IF  !(docolon=DOCODE)
 137:	4910  CD5640  			call docolon
 137:			ENDIF
 137:	4913          			ENDM
 138:	4913  6E413D43			DW SWOP,INVERT,SWOP,INVERT,LIT,1,MPLUS
	      6E413D43
	      39400100
	      D142
 139:	4921  2140    			DW EXIT
 140:			
 141:			;Z ?DNEGATE  d1 n -- d2   negate d1 if n negative
 142:			;   0< IF DNEGATE THEN ;       ...a common factor
 143:	4923          		head QDNEGATE,?DNEGATE,docolon
 143:	4923  0849    			DW link
 143:	4925  00      			DB 0
 143:	4926          	link    DEFL $
 143:	4926  08      			DB QDNEGATE - $ -1
 143:	4927  3F444E45			DB '?DNEGATE'
	      47415445
 143:	492F          	QDNEGATE:
 143:	0001          	IF  !(docolon=DOCODE)
 143:	492F  CD5640  			call docolon
 143:			ENDIF
 143:	4932          			ENDM
 144:	4932  1944B844			DW ZEROLESS,qbranch,DNEG1,DNEGATE
	      3A491049
 145:	493A  2140    	DNEG1:  DW EXIT
 146:			
 147:			;X DABS     d1 -- +d2    absolute value dbl.prec.
 148:			;   DUP ?DNEGATE ;
 149:	493C          		head DABS,DABS,docolon
 149:	493C  2649    			DW link
 149:	493E  00      			DB 0
 149:	493F          	link    DEFL $
 149:	493F  04      			DB DABS - $ -1
 149:	4940  44414253			DB 'DABS'
 149:	4944          	DABS:
 149:	0001          	IF  !(docolon=DOCODE)
 149:	4944  CD5640  			call docolon
 149:			ENDIF
 149:	4947          			ENDM
 150:	4947  3B412F49			DW DUP,QDNEGATE,EXIT
	      2140
 151:			
 152:			;C M*     n1 n2 -- d    signed 16*16->32 multiply
 153:			;   2DUP XOR >R        carries sign of the result
 154:			;   SWAP ABS SWAP ABS UM*
 155:			;   R> ?DNEGATE ;
 156:	494D          		head MSTAR,M*,docolon
 156:	494D  3F49    			DW link
 156:	494F  00      			DB 0
 156:	4950          	link    DEFL $
 156:	4950  02      			DB MSTAR - $ -1
 156:	4951  4D2A    			DB 'M*'
 156:	4953          	MSTAR:
 156:	0001          	IF  !(docolon=DOCODE)
 156:	4953  CD5640  			call docolon
 156:			ENDIF
 156:	4956          			ENDM
 157:	4956  A34A2543			DW TWODUP,?XOR,TOR
	      C741
 158:	495C  6E41FC48			DW SWOP,ABS,SWOP,ABS,UMSTAR
	      6E41FC48
	      9745
 159:	4966  DF412F49			DW RFROM,QDNEGATE,EXIT
	      2140
 160:			
 161:			;C SM/REM   d1 n1 -- n2 n3   symmetric signed div
 162:			;   2DUP XOR >R              sign of quotient
 163:			;   OVER >R                  sign of remainder
 164:			;   ABS >R DABS R> UM/MOD
 165:			;   SWAP R> ?NEGATE
 166:			;   SWAP R> ?NEGATE ;
 167:			; Ref. dpANS-6 section 3.2.2.1.
 168:	496C          		head SMSLASHREM,SM/REM,docolon
 168:	496C  5049    			DW link
 168:	496E  00      			DB 0
 168:	496F          	link    DEFL $
 168:	496F  06      			DB SMSLASHREM - $ -1
 168:	4970  534D2F52			DB 'SM/REM'
	      454D
 168:	4976          	SMSLASHREM:
 168:	0001          	IF  !(docolon=DOCODE)
 168:	4976  CD5640  			call docolon
 168:			ENDIF
 168:	4979          			ENDM
 169:	4979  A34A2543			DW TWODUP,?XOR,TOR,OVER,TOR
	      C7418141
	      C741
 170:	4983  FC48C741			DW ABS,TOR,DABS,RFROM,UMSLASHMOD
	      4449DF41
	      C445
 171:	498D  6E41DF41			DW SWOP,RFROM,QNEGATE,SWOP,RFROM,QNEGATE
	      E8486E41
	      DF41E848
 172:	4999  2140    			DW EXIT
 173:			
 174:			;C FM/MOD   d1 n1 -- n2 n3   floored signed div'n
 175:			;   DUP >R              save divisor
 176:			;   SM/REM
 177:			;   DUP 0< IF           if quotient negative,
 178:			;       SWAP R> +         add divisor to rem'dr
 179:			;       SWAP 1-           decrement quotient
 180:			;   ELSE R> DROP THEN ;
 181:			; Ref. dpANS-6 section 3.2.2.1.
 182:	499B          		head FMSLASHMOD,FM/MOD,docolon
 182:	499B  6F49    			DW link
 182:	499D  00      			DB 0
 182:	499E          	link    DEFL $
 182:	499E  06      			DB FMSLASHMOD - $ -1
 182:	499F  464D2F4D			DB 'FM/MOD'
	      4F44
 182:	49A5          	FMSLASHMOD:
 182:	0001          	IF  !(docolon=DOCODE)
 182:	49A5  CD5640  			call docolon
 182:			ENDIF
 182:	49A8          			ENDM
 183:	49A8  3B41C741			DW DUP,TOR,SMSLASHREM
	      7649
 184:	49AE  3B411944			DW DUP,ZEROLESS,qbranch,FMMOD1
	      B844C449
 185:	49B6  6E41DF41			DW SWOP,RFROM,PLUS,SWOP,ONEMINUS
	      C0426E41
	      7643
 186:	49C0  A244C849			DW branch,FMMOD2
 187:	49C4  DF415E41	FMMOD1: DW RFROM,DROP
 188:	49C8  2140    	FMMOD2: DW EXIT
 189:			
 190:			;C *      n1 n2 -- n3       signed multiply
 191:			;   M* DROP ;
 192:	49CA          		head STAR,*,docolon
 192:	49CA  9E49    			DW link
 192:	49CC  00      			DB 0
 192:	49CD          	link    DEFL $
 192:	49CD          			DB STAR - $ -1
F Syntax error
 192:	49CD  2A      			DB '*'
 192:	49CE          	STAR:
 192:	0001          	IF  !(docolon=DOCODE)
 192:	49CE  CD5640  			call docolon
 192:			ENDIF
 192:	49D1          			ENDM
 193:	49D1  53495E41			dw MSTAR,DROP,EXIT
	      2140
 194:			
 195:			;C /MOD   n1 n2 -- n3 n4    signed divide/rem'dr
 196:			;   >R S>D R> FM/MOD ;
 197:	49D7          		head SLASHMOD,/MOD,docolon
 197:	49D7  CD49    			DW link
 197:	49D9  00      			DB 0
 197:	49DA          	link    DEFL $
 197:	49DA  04      			DB SLASHMOD - $ -1
 197:	49DB  2F4D4F44			DB '/MOD'
 197:	49DF          	SLASHMOD:
 197:	0001          	IF  !(docolon=DOCODE)
 197:	49DF  CD5640  			call docolon
 197:			ENDIF
 197:	49E2          			ENDM
 198:	49E2  C741D448			dw TOR,STOD,RFROM,FMSLASHMOD,EXIT
	      DF41A549
	      2140
 199:			
 200:			;C /      n1 n2 -- n3       signed divide
 201:			;   /MOD nip ;
 202:	49EC          		head SLASH,/,docolon
 202:	49EC  DA49    			DW link
 202:	49EE  00      			DB 0
 202:	49EF          	link    DEFL $
 202:	49EF  01      			DB SLASH - $ -1
 202:	49F0  2F      			DB '/'
 202:	49F1          	SLASH:
 202:	0001          	IF  !(docolon=DOCODE)
 202:	49F1  CD5640  			call docolon
 202:			ENDIF
 202:	49F4          			ENDM
 203:	49F4  DF49A741			dw SLASHMOD,NIP,EXIT
	      2140
 204:			
 205:			;C MOD    n1 n2 -- n3       signed remainder
 206:			;   /MOD DROP ;
 207:	49FA          		head ?MOD,MOD,docolon
 207:	49FA  EF49    			DW link
 207:	49FC  00      			DB 0
 207:	49FD          	link    DEFL $
 207:	49FD  03      			DB ?MOD - $ -1
 207:	49FE  4D4F44  			DB 'MOD'
 207:	4A01          	?MOD:
 207:	0001          	IF  !(docolon=DOCODE)
 207:	4A01  CD5640  			call docolon
 207:			ENDIF
 207:	4A04          			ENDM
 208:	4A04  DF495E41			dw SLASHMOD,DROP,EXIT
	      2140
 209:			
 210:			;C */MOD  n1 n2 n3 -- n4 n5    n1*n2/n3, rem&quot
 211:			;   >R M* R> FM/MOD ;
 212:	4A0A          		head SSMOD,*/MOD,docolon
 212:	4A0A  FD49    			DW link
 212:	4A0C  00      			DB 0
 212:	4A0D          	link    DEFL $
 212:	4A0D  05      			DB SSMOD - $ -1
 212:	4A0E  2A2F4D4F			DB '*/MOD'
	      44
 212:	4A13          	SSMOD:
 212:	0001          	IF  !(docolon=DOCODE)
 212:	4A13  CD5640  			call docolon
 212:			ENDIF
 212:	4A16          			ENDM
 213:	4A16  C7415349			dw TOR,MSTAR,RFROM,FMSLASHMOD,EXIT
	      DF41A549
	      2140
 214:			
 215:			;C */     n1 n2 n3 -- n4        n1*n2/n3
 216:			;   */MOD nip ;
 217:	4A20          		head STARSLASH,*/,docolon
 217:	4A20  0D4A    			DW link
 217:	4A22  00      			DB 0
 217:	4A23          	link    DEFL $
 217:	4A23  02      			DB STARSLASH - $ -1
 217:	4A24  2A2F    			DB '*/'
 217:	4A26          	STARSLASH:
 217:	0001          	IF  !(docolon=DOCODE)
 217:	4A26  CD5640  			call docolon
 217:			ENDIF
 217:	4A29          			ENDM
 218:	4A29  134AA741			dw SSMOD,NIP,EXIT
	      2140
 219:			
 220:			;C MAX    n1 n2 -- n3       signed maximum
 221:			;   2DUP < IF SWAP THEN DROP ;
 222:	4A2F          		head ?MAX,MAX,docolon
 222:	4A2F  234A    			DW link
 222:	4A31  00      			DB 0
 222:	4A32          	link    DEFL $
 222:	4A32  03      			DB ?MAX - $ -1
 222:	4A33  4D4158  			DB 'MAX'
 222:	4A36          	?MAX:
 222:	0001          	IF  !(docolon=DOCODE)
 222:	4A36  CD5640  			call docolon
 222:			ENDIF
 222:	4A39          			ENDM
 223:	4A39  A34A4E44			dw TWODUP,LESS,qbranch,MAX1,SWOP
	      B844434A
	      6E41
 224:	4A43  5E412140	MAX1:   dw DROP,EXIT
 225:			
 226:			;C MIN    n1 n2 -- n3       signed minimum
 227:			;   2DUP > IF SWAP THEN DROP ;
 228:	4A47          		head ?MIN,MIN,docolon
 228:	4A47  324A    			DW link
 228:	4A49  00      			DB 0
 228:	4A4A          	link    DEFL $
 228:	4A4A  03      			DB ?MIN - $ -1
 228:	4A4B  4D494E  			DB 'MIN'
 228:	4A4E          	?MIN:
 228:	0001          	IF  !(docolon=DOCODE)
 228:	4A4E  CD5640  			call docolon
 228:			ENDIF
 228:	4A51          			ENDM
 229:	4A51  A34A6C44			dw TWODUP,GREATER,qbranch,MIN1,SWOP
	      B8445B4A
	      6E41
 230:	4A5B  5E412140	MIN1:   dw DROP,EXIT
 231:			
 232:			; DOUBLE OPERATORS ==============================
 233:			
 234:			;C 2@    a-addr -- x1 x2    fetch 2 cells
 235:			;   DUP CELL+ @ SWAP @ ;
 236:			;   the lower address will appear on top of stack
 237:	4A5F          		head TWOFETCH,2@,docolon
 237:	4A5F  4A4A    			DW link
 237:	4A61  00      			DB 0
 237:	4A62          	link    DEFL $
 237:	4A62  02      			DB TWOFETCH - $ -1
 237:	4A63  3240    			DB '2@'
 237:	4A65          	TWOFETCH:
 237:	0001          	IF  !(docolon=DOCODE)
 237:	4A65  CD5640  			call docolon
 237:			ENDIF
 237:	4A68          			ENDM
 238:	4A68  3B410947			dw DUP,CELLPLUS,FETCH,SWOP,FETCH,EXIT
	      7A426E41
	      7A422140
 239:			
 240:			;C 2!    x1 x2 a-addr --    store 2 cells
 241:			;   SWAP OVER ! CELL+ ! ;
 242:			;   the top of stack is stored at the lower adrs
 243:	4A74          		head TWOSTORE,2!,docolon
 243:	4A74  624A    			DW link
 243:	4A76  00      			DB 0
 243:	4A77          	link    DEFL $
 243:	4A77  02      			DB TWOSTORE - $ -1
 243:	4A78  3221    			DB '2!'
 243:	4A7A          	TWOSTORE:
 243:	0001          	IF  !(docolon=DOCODE)
 243:	4A7A  CD5640  			call docolon
 243:			ENDIF
 243:	4A7D          			ENDM
 244:	4A7D  6E418141			dw SWOP,OVER,STORE,CELLPLUS,STORE,EXIT
	      55420947
	      55422140
 245:			
 246:			;C 2DROP  x1 x2 --          drop 2 cells
 247:			;   DROP DROP ;
 248:	4A89          		head TWODROP,2DROP,docolon
 248:	4A89  774A    			DW link
 248:	4A8B  00      			DB 0
 248:	4A8C          	link    DEFL $
 248:	4A8C  05      			DB TWODROP - $ -1
 248:	4A8D  3244524F			DB '2DROP'
	      50
 248:	4A92          	TWODROP:
 248:	0001          	IF  !(docolon=DOCODE)
 248:	4A92  CD5640  			call docolon
 248:			ENDIF
 248:	4A95          			ENDM
 249:	4A95  5E415E41			dw DROP,DROP,EXIT
	      2140
 250:			
 251:			;C 2DUP   x1 x2 -- x1 x2 x1 x2   dup top 2 cells
 252:			;   OVER OVER ;
 253:	4A9B          		head TWODUP,2DUP,docolon
 253:	4A9B  8C4A    			DW link
 253:	4A9D  00      			DB 0
 253:	4A9E          	link    DEFL $
 253:	4A9E  04      			DB TWODUP - $ -1
 253:	4A9F  32445550			DB '2DUP'
 253:	4AA3          	TWODUP:
 253:	0001          	IF  !(docolon=DOCODE)
 253:	4AA3  CD5640  			call docolon
 253:			ENDIF
 253:	4AA6          			ENDM
 254:	4AA6  81418141			dw OVER,OVER,EXIT
	      2140
 255:			
 256:			;C 2SWAP  x1 x2 x3 x4 -- x3 x4 x1 x2  per diagram
 257:			;   ROT >R ROT R> ;
 258:	4AAC          		head TWOSWAP,2SWAP,docolon
 258:	4AAC  9E4A    			DW link
 258:	4AAE  00      			DB 0
 258:	4AAF          	link    DEFL $
 258:	4AAF  05      			DB TWOSWAP - $ -1
 258:	4AB0  32535741			DB '2SWAP'
	      50
 258:	4AB5          	TWOSWAP:
 258:	0001          	IF  !(docolon=DOCODE)
 258:	4AB5  CD5640  			call docolon
 258:			ENDIF
 258:	4AB8          			ENDM
 259:	4AB8  9441C741			dw ROT,TOR,ROT,RFROM,EXIT
	      9441DF41
	      2140
 260:			
 261:			;C 2OVER  x1 x2 x3 x4 -- x1 x2 x3 x4 x1 x2
 262:			;   >R >R 2DUP R> R> 2SWAP ;
 263:	4AC2          		head TWOOVER,2OVER,docolon
 263:	4AC2  AF4A    			DW link
 263:	4AC4  00      			DB 0
 263:	4AC5          	link    DEFL $
 263:	4AC5  05      			DB TWOOVER - $ -1
 263:	4AC6  324F5645			DB '2OVER'
	      52
 263:	4ACB          	TWOOVER:
 263:	0001          	IF  !(docolon=DOCODE)
 263:	4ACB  CD5640  			call docolon
 263:			ENDIF
 263:	4ACE          			ENDM
 264:	4ACE  C741C741			dw TOR,TOR,TWODUP,RFROM,RFROM
	      A34ADF41
	      DF41
 265:	4AD8  B54A2140			dw TWOSWAP,EXIT
 266:			
 267:			; INPUT/OUTPUT ==================================
 268:			
 269:			;C COUNT   c-addr1 -- c-addr2 u  counted->adr/len
 270:			;   DUP CHAR+ SWAP C@ ;
 271:	4ADC          		head COUNT,COUNT,docolon
 271:	4ADC  C54A    			DW link
 271:	4ADE  00      			DB 0
 271:	4ADF          	link    DEFL $
 271:	4ADF  05      			DB COUNT - $ -1
 271:	4AE0  434F554E			DB 'COUNT'
	      54
 271:	4AE5          	COUNT:
 271:	0001          	IF  !(docolon=DOCODE)
 271:	4AE5  CD5640  			call docolon
 271:			ENDIF
 271:	4AE8          			ENDM
 272:	4AE8  3B412747			dw DUP,CHARPLUS,SWOP,CFETCH,EXIT
	      6E418C42
	      2140
 273:			
 274:			;C CR      --               output newline
 275:			;   0D EMIT 0A EMIT ;
 276:	4AF2          		head CR,CR,docolon
 276:	4AF2  DF4A    			DW link
 276:	4AF4  00      			DB 0
 276:	4AF5          	link    DEFL $
 276:	4AF5  02      			DB CR - $ -1
 276:	4AF6  4352    			DB 'CR'
 276:	4AF8          	CR:
 276:	0001          	IF  !(docolon=DOCODE)
 276:	4AF8  CD5640  			call docolon
 276:			ENDIF
 276:	4AFB          			ENDM
 277:	4AFB  39400D00			dw lit,0dh,EMIT,lit,0ah,EMIT,EXIT
	      EF403940
	      0A00EF40
	      2140
 278:			
 279:			;C SPACE   --               output a space
 280:			;   BL EMIT ;
 281:	4B09          		head ?SPACE,SPACE,docolon
 281:	4B09  F54A    			DW link
 281:	4B0B  00      			DB 0
 281:	4B0C          	link    DEFL $
 281:	4B0C  05      			DB ?SPACE - $ -1
 281:	4B0D  53504143			DB 'SPACE'
	      45
 281:	4B12          	?SPACE:
 281:	0001          	IF  !(docolon=DOCODE)
 281:	4B12  CD5640  			call docolon
 281:			ENDIF
 281:	4B15          			ENDM
 282:	4B15  E147EF40			dw BL,EMIT,EXIT
	      2140
 283:			
 284:			;C SPACES   n --            output n spaces
 285:			;   BEGIN DUP WHILE SPACE 1- REPEAT DROP ;
 286:	4B1B          		head SPACES,SPACES,docolon
 286:	4B1B  0C4B    			DW link
 286:	4B1D  00      			DB 0
 286:	4B1E          	link    DEFL $
 286:	4B1E  06      			DB SPACES - $ -1
 286:	4B1F  53504143			DB 'SPACES'
	      4553
 286:	4B25          	SPACES:
 286:	0001          	IF  !(docolon=DOCODE)
 286:	4B25  CD5640  			call docolon
 286:			ENDIF
 286:	4B28          			ENDM
 287:	4B28  3B41B844	SPCS1:  DW DUP,qbranch,SPCS2
	      364B
 288:	4B2E  124B7643			DW ?SPACE,ONEMINUS,branch,SPCS1
	      A244284B
 289:	4B36  5E412140	SPCS2:  DW DROP,EXIT
 290:			
 291:			;Z umin     u1 u2 -- u      unsigned minimum
 292:			;   2DUP U> IF SWAP THEN DROP ;
 293:	4B3A          		head UMIN,UMIN,docolon
 293:	4B3A  1E4B    			DW link
 293:	4B3C  00      			DB 0
 293:	4B3D          	link    DEFL $
 293:	4B3D  04      			DB UMIN - $ -1
 293:	4B3E  554D494E			DB 'UMIN'
 293:	4B42          	UMIN:
 293:	0001          	IF  !(docolon=DOCODE)
 293:	4B42  CD5640  			call docolon
 293:			ENDIF
 293:	4B45          			ENDM
 294:	4B45  A34A8F44			DW TWODUP,UGREATER,QBRANCH,UMIN1,SWOP
	      B8444F4B
	      6E41
 295:	4B4F  5E412140	UMIN1:  DW DROP,EXIT
 296:			
 297:			;Z umax    u1 u2 -- u       unsigned maximum
 298:			;   2DUP U< IF SWAP THEN DROP ;
 299:	4B53          		head UMAX,UMAX,docolon
 299:	4B53  3D4B    			DW link
 299:	4B55  00      			DB 0
 299:	4B56          	link    DEFL $
 299:	4B56  04      			DB UMAX - $ -1
 299:	4B57  554D4158			DB 'UMAX'
 299:	4B5B          	UMAX:
 299:	0001          	IF  !(docolon=DOCODE)
 299:	4B5B  CD5640  			call docolon
 299:			ENDIF
 299:	4B5E          			ENDM
 300:	4B5E  A34A7B44			DW TWODUP,ULESS,QBRANCH,UMAX1,SWOP
	      B844684B
	      6E41
 301:	4B68  5E412140	UMAX1:  DW DROP,EXIT
 302:			
 303:			;C ACCEPT  c-addr +n -- +n'  get line from term'l
 304:			;   OVER + 1- OVER      -- sa ea a
 305:			;   BEGIN KEY           -- sa ea a c
 306:			;   DUP 0D <> WHILE
 307:			;       DUP EMIT        -- sa ea a c
 308:			;       DUP 8 = IF  DROP 1-    >R OVER R> UMAX
 309:			;             ELSE  OVER C! 1+ OVER UMIN
 310:			;       THEN            -- sa ea a
 311:			;   REPEAT              -- sa ea a c
 312:			;   DROP NIP SWAP - ;
 313:	4B6C          		head ACCEPT,ACCEPT,docolon
 313:	4B6C  564B    			DW link
 313:	4B6E  00      			DB 0
 313:	4B6F          	link    DEFL $
 313:	4B6F  06      			DB ACCEPT - $ -1
 313:	4B70  41434345			DB 'ACCEPT'
	      5054
 313:	4B76          	ACCEPT:
 313:	0001          	IF  !(docolon=DOCODE)
 313:	4B76  CD5640  			call docolon
 313:			ENDIF
 313:	4B79          			ENDM
 314:	4B79  8141C042			DW OVER,PLUS,ONEMINUS,OVER
	      76438141
 315:	4B81  1C413B41	ACC1:   DW KEY,DUP,LIT,0Dh,NOTEQUAL,QBRANCH,ACC5
	      39400D00
	      4044B844
	      BD4B
 316:	4B8F  3B41EF40			DW DUP,EMIT,DUP,LIT,8,EQUAL,QBRANCH,ACC3
	      3B413940
	      08002A44
	      B844AF4B
 317:	4B9F  5E417643			DW DROP,ONEMINUS,TOR,OVER,RFROM,UMAX
	      C7418141
	      DF415B4B
 318:	4BAB  A244B94B			DW BRANCH,ACC4
 319:	4BAF  81416942	ACC3:   DW OVER,CSTORE,ONEPLUS,OVER,UMIN
	      68438141
	      424B
 320:	4BB9  A244814B	ACC4:   DW BRANCH,ACC1
 321:	4BBD  5E41A741	ACC5:   DW DROP,NIP,SWOP,MINUS,EXIT
	      6E41E842
	      2140
 322:			
 323:			;C TYPE    c-addr +n --     type line to term'l
 324:			;   ?DUP IF
 325:			;     OVER + SWAP DO I C@ EMIT LOOP
 326:			;   ELSE DROP THEN ;
 327:	4BC7          		head TYPE,TYPE,docolon
 327:	4BC7  6F4B    			DW link
 327:	4BC9  00      			DB 0
 327:	4BCA          	link    DEFL $
 327:	4BCA  04      			DB TYPE - $ -1
 327:	4BCB  54595045			DB 'TYPE'
 327:	4BCF          	TYPE:
 327:	0001          	IF  !(docolon=DOCODE)
 327:	4BCF  CD5640  			call docolon
 327:			ENDIF
 327:	4BD2          			ENDM
 328:	4BD2  4B41B844			DW QDUP,QBRANCH,TYP4
	      EE4B
 329:	4BD8  8141C042			DW OVER,PLUS,SWOP,XDO
	      6E41CE44
 330:	4BE0  40458C42	TYP3:   DW II,CFETCH,EMIT,XLOOP,TYP3
	      EF40FF44
	      E04B
 331:	4BEA  A244F04B			DW BRANCH,TYP5
 332:	4BEE  5E41    	TYP4:   DW DROP
 333:	4BF0  2140    	TYP5:   DW EXIT
 334:			
 335:			;Z (S")     -- c-addr u   run-time code for S"
 336:			;   R> COUNT 2DUP + ALIGNED >R  ;
 337:	4BF2          		head XSQUOTE,(S"),docolon
 337:	4BF2  CA4B    			DW link
 337:	4BF4  00      			DB 0
 337:	4BF5          	link    DEFL $
 337:	4BF5  04      			DB XSQUOTE - $ -1
 337:	4BF6  28532229			DB '(S")'
 337:	4BFA          	XSQUOTE:
 337:	0001          	IF  !(docolon=DOCODE)
 337:	4BFA  CD5640  			call docolon
 337:			ENDIF
 337:	4BFD          			ENDM
 338:	4BFD  DF41E54A			DW RFROM,COUNT,TWODUP,PLUS,ALIGNED,TOR
	      A34AC042
	      F146C741
 339:	4C09  2140    			DW EXIT
 340:			
 341:			;C S"       --         compile in-line string
 342:			;   COMPILE (S")  [ HEX ]
 343:			;   22 WORD C@ 1+ ALIGNED ALLOT ; IMMEDIATE
 344:	4C0B          		immed SQUOTE,S",docolon
 344:	4C0B  F54B    			DW link
 344:	4C0D  01      			DB 1
 344:	4C0E          	link    DEFL $
 344:	4C0E  02      			DB SQUOTE - $ -1
 344:	4C0F  5322    			DB 'S"'
 344:	4C11          	SQUOTE:
 344:	0001          			IF  !(docolon=DOCODE)
 344:	4C11  CD5640  			call docolon
 344:					ENDIF
 344:	4C14          			ENDM
 345:	4C14  3940FA4B			DW LIT,XSQUOTE,COMMAXT
	      5547
 346:	4C1A  39402200			DW LIT,22H,?WORD,CFETCH,ONEPLUS
	      334E8C42
	      6843
 347:	4C24  F146AB4D			DW ALIGNED,ALLOT,EXIT
	      2140
 348:			
 349:			;C ."       --         compile string to print
 350:			;   POSTPONE S"  POSTPONE TYPE ; IMMEDIATE
 351:	4C2A          		immed DOTQUOTE,.",docolon
 351:	4C2A  0E4C    			DW link
 351:	4C2C  01      			DB 1
 351:	4C2D          	link    DEFL $
 351:	4C2D  02      			DB DOTQUOTE - $ -1
 351:	4C2E  2E22    			DB '."'
 351:	4C30          	DOTQUOTE:
 351:	0001          			IF  !(docolon=DOCODE)
 351:	4C30  CD5640  			call docolon
 351:					ENDIF
 351:	4C33          			ENDM
 352:	4C33  114C    			DW SQUOTE
 353:	4C35  3940CF4B			DW LIT,TYPE,COMMAXT
	      5547
 354:	4C3B  2140    			DW EXIT
 355:			
 356:			; NUMERIC OUTPUT ================================
 357:			; Numeric conversion is done l.s.digit first, so
 358:			; the output buffer is built backwards in memory.
 359:			
 360:			; Some double-precision arithmetic operators are
 361:			; needed to implement ANSI numeric conversion.
 362:			
 363:			;Z UD/MOD   ud1 u2 -- u3 ud4   32/16->32 divide
 364:			;   >R 0 R@ UM/MOD  ROT ROT R> UM/MOD ROT ;
 365:	4C3D          		head UDSLASHMOD,UD/MOD,docolon
 365:	4C3D  2D4C    			DW link
 365:	4C3F  00      			DB 0
 365:	4C40          	link    DEFL $
 365:	4C40  06      			DB UDSLASHMOD - $ -1
 365:	4C41  55442F4D			DB 'UD/MOD'
	      4F44
 365:	4C47          	UDSLASHMOD:
 365:	0001          	IF  !(docolon=DOCODE)
 365:	4C47  CD5640  			call docolon
 365:			ENDIF
 365:	4C4A          			ENDM
 366:	4C4A  C7413940			DW TOR,LIT,0,RFETCH,UMSLASHMOD,ROT,ROT
	      0000F741
	      C4459441
	      9441
 367:	4C58  DF41C445			DW RFROM,UMSLASHMOD,ROT,EXIT
	      94412140
 368:			
 369:			;Z UD*      ud1 d2 -- ud3      32*16->32 multiply
 370:			;   DUP >R UM* DROP  SWAP R> UM* ROT + ;
 371:	4C60          		head UDSTAR,UD*,docolon
 371:	4C60  404C    			DW link
 371:	4C62  00      			DB 0
 371:	4C63          	link    DEFL $
 371:	4C63  03      			DB UDSTAR - $ -1
 371:	4C64  55442A  			DB 'UD*'
 371:	4C67          	UDSTAR:
 371:	0001          	IF  !(docolon=DOCODE)
 371:	4C67  CD5640  			call docolon
 371:			ENDIF
 371:	4C6A          			ENDM
 372:	4C6A  3B41C741			DW DUP,TOR,UMSTAR,DROP
	      97455E41
 373:	4C72  6E41DF41			DW SWOP,RFROM,UMSTAR,ROT,PLUS,EXIT
	      97459441
	      C0422140
 374:			
 375:			;C HOLD  char --        add char to output string
 376:			;   -1 HP +!  HP @ C! ;
 377:	4C7E          		head HOLD,HOLD,docolon
 377:	4C7E  634C    			DW link
 377:	4C80  00      			DB 0
 377:	4C81          	link    DEFL $
 377:	4C81  04      			DB HOLD - $ -1
 377:	4C82  484F4C44			DB 'HOLD'
 377:	4C86          	HOLD:
 377:	0001          	IF  !(docolon=DOCODE)
 377:	4C86  CD5640  			call docolon
 377:			ENDIF
 377:	4C89          			ENDM
 378:	4C89  3940FFFF			DW LIT,-1,HP,PLUSSTORE
	      6448EF43
 379:	4C91  64487A42			DW HP,FETCH,CSTORE,EXIT
	      69422140
 380:			
 381:			;C <#    --             begin numeric conversion
 382:			;   PAD HP ! ;          (initialize Hold Pointer)
 383:	4C99          		head LESSNUM,'<#',docolon
 383:	4C99  814C    			DW link
 383:	4C9B  00      			DB 0
 383:	4C9C          	link    DEFL $
 383:	4C9C  02      			DB LESSNUM - $ -1
 383:	4C9D  3C23    			DB '<#'
 383:	4C9F          	LESSNUM:
 383:	0001          	IF  !(docolon=DOCODE)
 383:	4C9F  CD5640  			call docolon
 383:			ENDIF
 383:	4CA2          			ENDM
 384:	4CA2  86486448			DW PAD,HP,STORE,EXIT
	      55422140
 385:			
 386:			;Z >digit   n -- c      convert to 0..9A..Z
 387:			;   [ HEX ] DUP 9 > 7 AND + 30 + ;
 388:	4CAA          		head TODIGIT,>DIGIT,docolon
 388:	4CAA  9C4C    			DW link
 388:	4CAC  00      			DB 0
 388:	4CAD          	link    DEFL $
 388:	4CAD  06      			DB TODIGIT - $ -1
 388:	4CAE  3E444947			DB '>DIGIT'
	      4954
 388:	4CB4          	TODIGIT:
 388:	0001          	IF  !(docolon=DOCODE)
 388:	4CB4  CD5640  			call docolon
 388:			ENDIF
 388:	4CB7          			ENDM
 389:	4CB7  3B413940			DW DUP,LIT,9,GREATER,LIT,7,?AND,PLUS
	      09006C44
	      39400700
	      FC42C042
 390:	4CC7  39403000			DW LIT,30H,PLUS,EXIT
	      C0422140
 391:			
 392:			;C #     ud1 -- ud2     convert 1 digit of output
 393:			;   BASE @ UD/MOD ROT >digit HOLD ;
 394:	4CCF          		head NUM,#,docolon
 394:	4CCF  AD4C    			DW link
 394:	4CD1  00      			DB 0
 394:	4CD2          	link    DEFL $
 394:	4CD2  01      			DB NUM - $ -1
 394:	4CD3  23      			DB '#'
 394:	4CD4          	NUM:
 394:	0001          	IF  !(docolon=DOCODE)
 394:	4CD4  CD5640  			call docolon
 394:			ENDIF
 394:	4CD7          			ENDM
 395:	4CD7  21487A42			DW BASE,FETCH,UDSLASHMOD,ROT,TODIGIT
	      474C9441
	      B44C
 396:	4CE1  864C2140			DW HOLD,EXIT
 397:			
 398:			;C #S    ud1 -- ud2     convert remaining digits
 399:			;   BEGIN # 2DUP OR 0= UNTIL ;
 400:	4CE5          		head NUMS,#S,docolon
 400:	4CE5  D24C    			DW link
 400:	4CE7  00      			DB 0
 400:	4CE8          	link    DEFL $
 400:	4CE8  02      			DB NUMS - $ -1
 400:	4CE9  2353    			DB '#S'
 400:	4CEB          	NUMS:
 400:	0001          	IF  !(docolon=DOCODE)
 400:	4CEB  CD5640  			call docolon
 400:			ENDIF
 400:	4CEE          			ENDM
 401:	4CEE  D44CA34A	NUMS1:  DW NUM,TWODUP,?OR,ZEROEQUAL,qbranch,NUMS1
	      10430544
	      B844EE4C
 402:	4CFA  2140    			DW EXIT
 403:			
 404:			;C #>    ud1 -- c-addr u    end conv., get string
 405:			;   2DROP HP @ PAD OVER - ;
 406:	4CFC          		head NUMGREATER,#>,docolon
 406:	4CFC  E84C    			DW link
 406:	4CFE  00      			DB 0
 406:	4CFF          	link    DEFL $
 406:	4CFF  02      			DB NUMGREATER - $ -1
 406:	4D00  233E    			DB '#>'
 406:	4D02          	NUMGREATER:
 406:	0001          	IF  !(docolon=DOCODE)
 406:	4D02  CD5640  			call docolon
 406:			ENDIF
 406:	4D05          			ENDM
 407:	4D05  924A6448			DW TWODROP,HP,FETCH,PAD,OVER,MINUS,EXIT
	      7A428648
	      8141E842
	      2140
 408:			
 409:			;C SIGN  n --           add minus sign if n<0
 410:			;   0< IF 2D HOLD THEN ;
 411:	4D13          		head SIGN,SIGN,docolon
 411:	4D13  FF4C    			DW link
 411:	4D15  00      			DB 0
 411:	4D16          	link    DEFL $
 411:	4D16  04      			DB SIGN - $ -1
 411:	4D17  5349474E			DB 'SIGN'
 411:	4D1B          	SIGN:
 411:	0001          	IF  !(docolon=DOCODE)
 411:	4D1B  CD5640  			call docolon
 411:			ENDIF
 411:	4D1E          			ENDM
 412:	4D1E  1944B844			DW ZEROLESS,qbranch,SIGN1,LIT,2DH,HOLD
	      2A4D3940
	      2D00864C
 413:	4D2A  2140    	SIGN1:  DW EXIT
 414:			
 415:			;C U.    u --           display u unsigned
 416:			;   <# 0 #S #> TYPE SPACE ;
 417:	4D2C          		head UDOT,U.,docolon
 417:	4D2C  164D    			DW link
 417:	4D2E  00      			DB 0
 417:	4D2F          	link    DEFL $
 417:	4D2F  02      			DB UDOT - $ -1
 417:	4D30  552E    			DB 'U.'
 417:	4D32          	UDOT:
 417:	0001          	IF  !(docolon=DOCODE)
 417:	4D32  CD5640  			call docolon
 417:			ENDIF
 417:	4D35          			ENDM
 418:	4D35  9F4C3940			DW LESSNUM,LIT,0,NUMS,NUMGREATER,TYPE
	      0000EB4C
	      024DCF4B
 419:	4D41  124B2140			DW ?SPACE,EXIT
 420:			
 421:			;C .     n --           display n signed
 422:			;   <# DUP ABS 0 #S ROT SIGN #> TYPE SPACE ;
 423:	4D45          		head DOT,'.',docolon
 423:	4D45  2F4D    			DW link
 423:	4D47  00      			DB 0
 423:	4D48          	link    DEFL $
 423:	4D48  01      			DB DOT - $ -1
 423:	4D49  2E      			DB '.'
 423:	4D4A          	DOT:
 423:	0001          	IF  !(docolon=DOCODE)
 423:	4D4A  CD5640  			call docolon
 423:			ENDIF
 423:	4D4D          			ENDM
 424:	4D4D  9F4C3B41			DW LESSNUM,DUP,ABS,LIT,0,NUMS
	      FC483940
	      0000EB4C
 425:	4D59  94411B4D			DW ROT,SIGN,NUMGREATER,TYPE,?SPACE,EXIT
	      024DCF4B
	      124B2140
 426:			
 427:			;C DECIMAL  --      set number base to decimal
 428:			;   10 BASE ! ;
 429:	4D65          		head DECIMAL,DECIMAL,docolon
 429:	4D65  484D    			DW link
 429:	4D67  00      			DB 0
 429:	4D68          	link    DEFL $
 429:	4D68  07      			DB DECIMAL - $ -1
 429:	4D69  44454349			DB 'DECIMAL'
	      4D414C
 429:	4D70          	DECIMAL:
 429:	0001          	IF  !(docolon=DOCODE)
 429:	4D70  CD5640  			call docolon
 429:			ENDIF
 429:	4D73          			ENDM
 430:	4D73  39400A00			DW LIT,10,BASE,STORE,EXIT
	      21485542
	      2140
 431:			
 432:			;X HEX     --       set number base to hex
 433:			;   16 BASE ! ;
 434:	4D7D          		head HEX,HEX,docolon
 434:	4D7D  684D    			DW link
 434:	4D7F  00      			DB 0
 434:	4D80          	link    DEFL $
 434:	4D80  03      			DB HEX - $ -1
 434:	4D81  484558  			DB 'HEX'
 434:	4D84          	HEX:
 434:	0001          	IF  !(docolon=DOCODE)
 434:	4D84  CD5640  			call docolon
 434:			ENDIF
 434:	4D87          			ENDM
 435:	4D87  39401000			DW LIT,16,BASE,STORE,EXIT
	      21485542
	      2140
 436:			
 437:			; DICTIONARY MANAGEMENT =========================
 438:			
 439:			;C HERE    -- addr      returns dictionary ptr
 440:			;   DP @ ;
 441:	4D91          		head HERE,HERE,docolon
 441:	4D91  804D    			DW link
 441:	4D93  00      			DB 0
 441:	4D94          	link    DEFL $
 441:	4D94  04      			DB HERE - $ -1
 441:	4D95  48455245			DB 'HERE'
 441:	4D99          	HERE:
 441:	0001          	IF  !(docolon=DOCODE)
 441:	4D99  CD5640  			call docolon
 441:			ENDIF
 441:	4D9C          			ENDM
 442:	4D9C  3A487A42			dw DP,FETCH,EXIT
	      2140
 443:			
 444:			;C ALLOT   n --         allocate n bytes in dict
 445:			;   DP +! ;
 446:	4DA2          		head ALLOT,ALLOT,docolon
 446:	4DA2  944D    			DW link
 446:	4DA4  00      			DB 0
 446:	4DA5          	link    DEFL $
 446:	4DA5  05      			DB ALLOT - $ -1
 446:	4DA6  414C4C4F			DB 'ALLOT'
	      54
 446:	4DAB          	ALLOT:
 446:	0001          	IF  !(docolon=DOCODE)
 446:	4DAB  CD5640  			call docolon
 446:			ENDIF
 446:	4DAE          			ENDM
 447:	4DAE  3A48EF43			dw DP,PLUSSTORE,EXIT
	      2140
 448:			
 449:			; Note: , and C, are only valid for combined
 450:			; Code and Data spaces.
 451:			
 452:			;C ,    x --           append cell to dict
 453:			;   HERE ! 1 CELLS ALLOT ;
 454:	4DB4          		head COMMA,',',docolon
 454:	4DB4  A54D    			DW link
 454:	4DB6  00      			DB 0
 454:	4DB7          	link    DEFL $
 454:	4DB7  01      			DB COMMA - $ -1
 454:	4DB8  2C      			DB ','
 454:	4DB9          	COMMA:
 454:	0001          	IF  !(docolon=DOCODE)
 454:	4DB9  CD5640  			call docolon
 454:			ENDIF
 454:	4DBC          			ENDM
 455:	4DBC  994D5542			dw HERE,STORE,lit,1,CELLS,ALLOT,EXIT
	      39400100
	      1B47AB4D
	      2140
 456:			
 457:			;C C,   char --        append char to dict
 458:			;   HERE C! 1 CHARS ALLOT ;
 459:	4DCA          		head CCOMMA,'C,',docolon
 459:	4DCA  B74D    			DW link
 459:	4DCC  00      			DB 0
 459:	4DCD          	link    DEFL $
 459:	4DCD  02      			DB CCOMMA - $ -1
 459:	4DCE  432C    			DB 'C,'
 459:	4DD0          	CCOMMA:
 459:	0001          	IF  !(docolon=DOCODE)
 459:	4DD0  CD5640  			call docolon
 459:			ENDIF
 459:	4DD3          			ENDM
 460:	4DD3  994D6942			dw HERE,CSTORE,lit,1,CHARS,ALLOT,EXIT
	      39400100
	      3347AB4D
	      2140
 461:			
 462:			; INTERPRETER ===================================
 463:			; Note that NFA>LFA, NFA>CFA, IMMED?, and FIND
 464:			; are dependent on the structure of the Forth
 465:			; header.  This may be common across many CPUs,
 466:			; or it may be different.
 467:			
 468:			;C SOURCE   -- adr n    current input buffer
 469:			;   'SOURCE 2@ ;        length is at lower adrs
 470:	4DE1          		head SOURCE,SOURCE,docolon
 470:	4DE1  CD4D    			DW link
 470:	4DE3  00      			DB 0
 470:	4DE4          	link    DEFL $
 470:	4DE4  06      			DB SOURCE - $ -1
 470:	4DE5  534F5552			DB 'SOURCE'
	      4345
 470:	4DEB          	SOURCE:
 470:	0001          	IF  !(docolon=DOCODE)
 470:	4DEB  CD5640  			call docolon
 470:			ENDIF
 470:	4DEE          			ENDM
 471:	4DEE  4A48654A			DW TICKSOURCE,TWOFETCH,EXIT
	      2140
 472:			
 473:			;X /STRING  a u n -- a+n u-n   trim string
 474:			;   ROT OVER + ROT ROT - ;
 475:	4DF4          		head SLASHSTRING,/STRING,docolon
 475:	4DF4  E44D    			DW link
 475:	4DF6  00      			DB 0
 475:	4DF7          	link    DEFL $
 475:	4DF7  07      			DB SLASHSTRING - $ -1
 475:	4DF8  2F535452			DB '/STRING'
	      494E47
 475:	4DFF          	SLASHSTRING:
 475:	0001          	IF  !(docolon=DOCODE)
 475:	4DFF  CD5640  			call docolon
 475:			ENDIF
 475:	4E02          			ENDM
 476:	4E02  94418141			DW ROT,OVER,PLUS,ROT,ROT,MINUS,EXIT
	      C0429441
	      9441E842
	      2140
 477:			
 478:			;Z >counted  src n dst --     copy to counted str
 479:			;   2DUP C! CHAR+ SWAP CMOVE ;
 480:	4E10          		head TOCOUNTED,>COUNTED,docolon
 480:	4E10  F74D    			DW link
 480:	4E12  00      			DB 0
 480:	4E13          	link    DEFL $
 480:	4E13  08      			DB TOCOUNTED - $ -1
 480:	4E14  3E434F55			DB '>COUNTED'
	      4E544544
 480:	4E1C          	TOCOUNTED:
 480:	0001          	IF  !(docolon=DOCODE)
 480:	4E1C  CD5640  			call docolon
 480:			ENDIF
 480:	4E1F          			ENDM
 481:	4E1F  A34A6942			DW TWODUP,CSTORE,CHARPLUS,SWOP,CMOVE,EXIT
	      27476E41
	      26462140
 482:			
 483:			;C WORD   char -- c-addr n   word delim'd by char
 484:			;   DUP  SOURCE >IN @ /STRING   -- c c adr n
 485:			;   DUP >R   ROT SKIP           -- c adr' n'
 486:			;   OVER >R  ROT SCAN           -- adr" n"
 487:			;   DUP IF CHAR- THEN        skip trailing delim.
 488:			;   R> R> ROT -   >IN +!        update >IN offset
 489:			;   TUCK -                      -- adr' N
 490:			;   HERE >counted               --
 491:			;   HERE                        -- a
 492:			;   BL OVER COUNT + C! ;    append trailing blank
 493:	4E2B          		head ?WORD,WORD,docolon
 493:	4E2B  134E    			DW link
 493:	4E2D  00      			DB 0
 493:	4E2E          	link    DEFL $
 493:	4E2E  04      			DB ?WORD - $ -1
 493:	4E2F  574F5244			DB 'WORD'
 493:	4E33          	?WORD:
 493:	0001          	IF  !(docolon=DOCODE)
 493:	4E33  CD5640  			call docolon
 493:			ENDIF
 493:	4E36          			ENDM
 494:	4E36  3B41EB4D			DW DUP,SOURCE,TOIN,FETCH,SLASHSTRING
	      14487A42
	      FF4D
 495:	4E40  3B41C741			DW DUP,TOR,ROT,SKIP
	      94416546
 496:	4E48  8141C741			DW OVER,TOR,ROT,SCAN
	      94418D46
 497:	4E50  3B41B844			DW DUP,qbranch,WORD1,ONEMINUS  ; char-
	      584E7643
 498:	4E58  DF41DF41	WORD1:  DW RFROM,RFROM,ROT,MINUS,TOIN,PLUSSTORE
	      9441E842
	      1448EF43
 499:	4E64  B841E842			DW TUCK,MINUS
 500:	4E68  994D1C4E			DW HERE,TOCOUNTED,HERE
	      994D
 501:	4E6E  E1478141			DW BL,OVER,COUNT,PLUS,CSTORE,EXIT
	      E54AC042
	      69422140
 502:			
 503:			;Z NFA>LFA   nfa -- lfa    name adr -> link field
 504:			;   3 - ;
 505:	4E7A          		head NFATOLFA,NFA>LFA,docolon
 505:	4E7A  2E4E    			DW link
 505:	4E7C  00      			DB 0
 505:	4E7D          	link    DEFL $
 505:	4E7D  07      			DB NFATOLFA - $ -1
 505:	4E7E  4E46413E			DB 'NFA>LFA'
	      4C4641
 505:	4E85          	NFATOLFA:
 505:	0001          	IF  !(docolon=DOCODE)
 505:	4E85  CD5640  			call docolon
 505:			ENDIF
 505:	4E88          			ENDM
 506:	4E88  39400300			DW LIT,3,MINUS,EXIT
	      E8422140
 507:			
 508:			;Z NFA>CFA   nfa -- cfa    name adr -> code field
 509:			;   COUNT 7F AND + ;       mask off 'smudge' bit
 510:	4E90          		head NFATOCFA,NFA>CFA,docolon
 510:	4E90  7D4E    			DW link
 510:	4E92  00      			DB 0
 510:	4E93          	link    DEFL $
 510:	4E93  07      			DB NFATOCFA - $ -1
 510:	4E94  4E46413E			DB 'NFA>CFA'
	      434641
 510:	4E9B          	NFATOCFA:
 510:	0001          	IF  !(docolon=DOCODE)
 510:	4E9B  CD5640  			call docolon
 510:			ENDIF
 510:	4E9E          			ENDM
 511:	4E9E  E54A3940			DW COUNT,LIT,07FH,?AND,PLUS,EXIT
	      7F00FC42
	      C0422140
 512:			
 513:			;Z IMMED?    nfa -- f      fetch immediate flag
 514:			;   1- C@ ;                     nonzero if immed
 515:	4EAA          		head IMMEDQ,IMMED?,docolon
 515:	4EAA  934E    			DW link
 515:	4EAC  00      			DB 0
 515:	4EAD          	link    DEFL $
 515:	4EAD  06      			DB IMMEDQ - $ -1
 515:	4EAE  494D4D45			DB 'IMMED?'
	      443F
 515:	4EB4          	IMMEDQ:
 515:	0001          	IF  !(docolon=DOCODE)
 515:	4EB4  CD5640  			call docolon
 515:			ENDIF
 515:	4EB7          			ENDM
 516:	4EB7  76438C42			DW ONEMINUS,CFETCH,EXIT
	      2140
 517:			
 518:			;C FIND   c-addr -- c-addr 0   if not found
 519:			;C                  xt  1      if immediate
 520:			;C                  xt -1      if "normal"
 521:			;   LATEST @ BEGIN             -- a nfa
 522:			;       2DUP OVER C@ CHAR+     -- a nfa a nfa n+1
 523:			;       S=                     -- a nfa f
 524:			;       DUP IF
 525:			;           DROP
 526:			;           NFA>LFA @ DUP      -- a link link
 527:			;       THEN
 528:			;   0= UNTIL                   -- a nfa  OR  a 0
 529:			;   DUP IF
 530:			;       NIP DUP NFA>CFA        -- nfa xt
 531:			;       SWAP IMMED?            -- xt iflag
 532:			;       0= 1 OR                -- xt 1/-1
 533:			;   THEN ;
 534:	4EBD          		head FIND,FIND,docolon
 534:	4EBD  AD4E    			DW link
 534:	4EBF  00      			DB 0
 534:	4EC0          	link    DEFL $
 534:	4EC0  04      			DB FIND - $ -1
 534:	4EC1  46494E44			DB 'FIND'
 534:	4EC5          	FIND:
 534:	0001          	IF  !(docolon=DOCODE)
 534:	4EC5  CD5640  			call docolon
 534:			ENDIF
 534:	4EC8          			ENDM
 535:	4EC8  59487A42			DW LATEST,FETCH
 536:	4ECC  A34A8141	FIND1:  DW TWODUP,OVER,CFETCH,CHARPLUS
	      8C422747
 537:	4ED4  AE463B41			DW SEQUAL,DUP,qbranch,FIND2
	      B844E44E
 538:	4EDC  5E41854E			DW DROP,NFATOLFA,FETCH,DUP
	      7A423B41
 539:	4EE4  0544B844	FIND2:  DW ZEROEQUAL,qbranch,FIND1
	      CC4E
 540:	4EEA  3B41B844			DW DUP,qbranch,FIND3
	      024F
 541:	4EF0  A7413B41			DW NIP,DUP,NFATOCFA
	      9B4E
 542:	4EF6  6E41B44E			DW SWOP,IMMEDQ,ZEROEQUAL,LIT,1,?OR
	      05443940
	      01001043
 543:	4F02  2140    	FIND3:  DW EXIT
 544:			
 545:			;C LITERAL  x --        append numeric literal
 546:			;   STATE @ IF ['] LIT ,XT , THEN ; IMMEDIATE
 547:			; This tests STATE so that it can also be used
 548:			; interpretively.  (ANSI doesn't require this.)
 549:	4F04          		immed LITERAL,LITERAL,docolon
 549:	4F04  C04E    			DW link
 549:	4F06  01      			DB 1
 549:	4F07          	link    DEFL $
 549:	4F07  07      			DB LITERAL - $ -1
 549:	4F08  4C495445			DB 'LITERAL'
	      52414C
 549:	4F0F          	LITERAL:
 549:	0001          			IF  !(docolon=DOCODE)
 549:	4F0F  CD5640  			call docolon
 549:					ENDIF
 549:	4F12          			ENDM
 550:	4F12  2F487A42			DW STATE,FETCH,qbranch,LITER1
	      B844224F
 551:	4F1A  39403940			DW LIT,LIT,COMMAXT,COMMA
	      5547B94D
 552:	4F22  2140    	LITER1: DW EXIT
 553:			
 554:			;Z DIGIT?   c -- n -1   if c is a valid digit
 555:			;Z            -- x  0   otherwise
 556:			;   [ HEX ] DUP 39 > 100 AND +     silly looking
 557:			;   DUP 140 > 107 AND -   30 -     but it works!
 558:			;   DUP BASE @ U< ;
 559:	4F24          		head DIGITQ,DIGIT?,docolon
 559:	4F24  074F    			DW link
 559:	4F26  00      			DB 0
 559:	4F27          	link    DEFL $
 559:	4F27  06      			DB DIGITQ - $ -1
 559:	4F28  44494749			DB 'DIGIT?'
	      543F
 559:	4F2E          	DIGITQ:
 559:	0001          	IF  !(docolon=DOCODE)
 559:	4F2E  CD5640  			call docolon
 559:			ENDIF
 559:	4F31          			ENDM
 560:	4F31  3B413940			DW DUP,LIT,39H,GREATER,LIT,100H,?AND,PLUS
	      39006C44
	      39400001
	      FC42C042
 561:	4F41  3B413940			DW DUP,LIT,140H,GREATER,LIT,107H,?AND
	      40016C44
	      39400701
	      FC42
 562:	4F4F  E8423940			DW MINUS,LIT,30H,MINUS
	      3000E842
 563:	4F57  3B412148			DW DUP,BASE,FETCH,ULESS,EXIT
	      7A427B44
	      2140
 564:			
 565:			;Z ?SIGN   adr n -- adr' n' f  get optional sign
 566:			;Z  advance adr/n if sign; return NZ if negative
 567:			;   OVER C@                 -- adr n c
 568:			;   2C - DUP ABS 1 = AND    -- +=-1, -=+1, else 0
 569:			;   DUP IF 1+               -- +=0, -=+2
 570:			;       >R 1 /STRING R>     -- adr' n' f
 571:			;   THEN ;
 572:	4F61          		head QSIGN,?SIGN,docolon
 572:	4F61  274F    			DW link
 572:	4F63  00      			DB 0
 572:	4F64          	link    DEFL $
 572:	4F64  05      			DB QSIGN - $ -1
 572:	4F65  3F534947			DB '?SIGN'
	      4E
 572:	4F6A          	QSIGN:
 572:	0001          	IF  !(docolon=DOCODE)
 572:	4F6A  CD5640  			call docolon
 572:			ENDIF
 572:	4F6D          			ENDM
 573:	4F6D  81418C42			DW OVER,CFETCH,LIT,2CH,MINUS,DUP,ABS
	      39402C00
	      E8423B41
	      FC48
 574:	4F7B  39400100			DW LIT,1,EQUAL,?AND,DUP,qbranch,QSIGN1
	      2A44FC42
	      3B41B844
	      954F
 575:	4F89  6843C741			DW ONEPLUS,TOR,LIT,1,SLASHSTRING,RFROM
	      39400100
	      FF4DDF41
 576:	4F95  2140    	QSIGN1: DW EXIT
 577:			
 578:			;C >NUMBER  ud adr u -- ud' adr' u'
 579:			;C                      convert string to number
 580:			;   BEGIN
 581:			;   DUP WHILE
 582:			;       OVER C@ DIGIT?
 583:			;       0= IF DROP EXIT THEN
 584:			;       >R 2SWAP BASE @ UD*
 585:			;       R> M+ 2SWAP
 586:			;       1 /STRING
 587:			;   REPEAT ;
 588:	4F97          		head TONUMBER,>NUMBER,docolon
 588:	4F97  644F    			DW link
 588:	4F99  00      			DB 0
 588:	4F9A          	link    DEFL $
 588:	4F9A  07      			DB TONUMBER - $ -1
 588:	4F9B  3E4E554D			DB '>NUMBER'
	      424552
 588:	4FA2          	TONUMBER:
 588:	0001          	IF  !(docolon=DOCODE)
 588:	4FA2  CD5640  			call docolon
 588:			ENDIF
 588:	4FA5          			ENDM
 589:	4FA5  3B41B844	TONUM1: DW DUP,qbranch,TONUM3
	      D54F
 590:	4FAB  81418C42			DW OVER,CFETCH,DIGITQ
	      2E4F
 591:	4FB1  0544B844			DW ZEROEQUAL,qbranch,TONUM2,DROP,EXIT
	      BB4F5E41
	      2140
 592:	4FBB  C741B54A	TONUM2: DW TOR,TWOSWAP,BASE,FETCH,UDSTAR
	      21487A42
	      674C
 593:	4FC5  DF41D142			DW RFROM,MPLUS,TWOSWAP
	      B54A
 594:	4FCB  39400100			DW LIT,1,SLASHSTRING,branch,TONUM1
	      FF4DA244
	      A54F
 595:	4FD5  2140    	TONUM3: DW EXIT
 596:			
 597:			;Z ?NUMBER  c-addr -- n -1      string->number
 598:			;Z                 -- c-addr 0  if convert error
 599:			;   DUP  0 0 ROT COUNT      -- ca ud adr n
 600:			;   ?SIGN >R  >NUMBER       -- ca ud adr' n'
 601:			;   IF   R> 2DROP 2DROP 0   -- ca 0   (error)
 602:			;   ELSE 2DROP NIP R>
 603:			;       IF NEGATE THEN  -1  -- n -1   (ok)
 604:			;   THEN ;
 605:	4FD7          		head QNUMBER,?NUMBER,docolon
 605:	4FD7  9A4F    			DW link
 605:	4FD9  00      			DB 0
 605:	4FDA          	link    DEFL $
 605:	4FDA  07      			DB QNUMBER - $ -1
 605:	4FDB  3F4E554D			DB '?NUMBER'
	      424552
 605:	4FE2          	QNUMBER:
 605:	0001          	IF  !(docolon=DOCODE)
 605:	4FE2  CD5640  			call docolon
 605:			ENDIF
 605:	4FE5          			ENDM
 606:	4FE5  3B413940			DW DUP,LIT,0,DUP,ROT,COUNT
	      00003B41
	      9441E54A
 607:	4FF1  6A4FC741			DW QSIGN,TOR,TONUMBER,qbranch,QNUM1
	      A24FB844
	      0950
 608:	4FFB  DF41924A			DW RFROM,TWODROP,TWODROP,LIT,0
	      924A3940
	      0000
 609:	5005  A2441950			DW branch,QNUM3
 610:	5009  924AA741	QNUM1:  DW TWODROP,NIP,RFROM,qbranch,QNUM2,NEGATE
	      DF41B844
	      15505443
 611:	5015  3940FFFF	QNUM2:  DW LIT,-1
 612:	5019  2140    	QNUM3:  DW EXIT
 613:			
 614:			;Z INTERPRET    i*x c-addr u -- j*x
 615:			;Z                      interpret given buffer
 616:			; This is a common factor of EVALUATE and QUIT.
 617:			; ref. dpANS-6, 3.4 The Forth Text Interpreter
 618:			;   'SOURCE 2!  0 >IN !
 619:			;   BEGIN
 620:			;   BL WORD DUP C@ WHILE        -- textadr
 621:			;       FIND                    -- a 0/1/-1
 622:			;       ?DUP IF                 -- xt 1/-1
 623:			;           1+ STATE @ 0= OR    immed or interp?
 624:			;           IF EXECUTE ELSE ,XT THEN
 625:			;       ELSE                    -- textadr
 626:			;           ?NUMBER
 627:			;           IF POSTPONE LITERAL     converted ok
 628:			;           ELSE COUNT TYPE 3F EMIT CR ABORT  err
 629:			;           THEN
 630:			;       THEN
 631:			;   REPEAT DROP ;
 632:	501B          		head INTERPRET,INTERPRET,docolon
 632:	501B  DA4F    			DW link
 632:	501D  00      			DB 0
 632:	501E          	link    DEFL $
 632:	501E  09      			DB INTERPRET - $ -1
 632:	501F  494E5445			DB 'INTERPRET'
	      52505245
	      54
 632:	5028          	INTERPRET:
 632:	0001          	IF  !(docolon=DOCODE)
 632:	5028  CD5640  			call docolon
 632:			ENDIF
 632:	502B          			ENDM
 633:	502B  4A487A4A			DW TICKSOURCE,TWOSTORE,LIT,0,TOIN,STORE
	      39400000
	      14485542
 634:	5037  E147334E	INTER1: DW BL,?WORD,DUP,CFETCH,qbranch,INTER9
	      3B418C42
	      B8448350
 635:	5043  C54E4B41			DW FIND,QDUP,qbranch,INTER4
	      B8446550
 636:	504B  68432F48			DW ONEPLUS,STATE,FETCH,ZEROEQUAL,?OR
	      7A420544
	      1043
 637:	5055  B8445F50			DW qbranch,INTER2
 638:	5059  5240A244			DW EXECUTE,branch,INTER3
	      6150
 639:	505F  5547    	INTER2: DW COMMAXT
 640:	5061  A2447F50	INTER3: DW branch,INTER8
 641:	5065  E24FB844	INTER4: DW QNUMBER,qbranch,INTER5
	      7150
 642:	506B  0F4FA244			DW LITERAL,branch,INTER6
	      7F50
 643:	5071  E54ACF4B	INTER5: DW COUNT,TYPE,LIT,3FH,EMIT,CR,ABORT
	      39403F00
	      EF40F84A
	      0051
 644:	507F          	INTER6:
 645:	507F  A2443750	INTER8: DW branch,INTER1
 646:	5083  5E412140	INTER9: DW DROP,EXIT
 647:			
 648:			;C EVALUATE  i*x c-addr u -- j*x  interprt string
 649:			;   'SOURCE 2@ >R >R  >IN @ >R
 650:			;   INTERPRET
 651:			;   R> >IN !  R> R> 'SOURCE 2! ;
 652:	5087          		head EVALUATE,EVALUATE,docolon
 652:	5087  1E50    			DW link
 652:	5089  00      			DB 0
 652:	508A          	link    DEFL $
 652:	508A  08      			DB EVALUATE - $ -1
 652:	508B  4556414C			DB 'EVALUATE'
	      55415445
 652:	5093          	EVALUATE:
 652:	0001          	IF  !(docolon=DOCODE)
 652:	5093  CD5640  			call docolon
 652:			ENDIF
 652:	5096          			ENDM
 653:	5096  4A48654A			DW TICKSOURCE,TWOFETCH,TOR,TOR
	      C741C741
 654:	509E  14487A42			DW TOIN,FETCH,TOR,INTERPRET
	      C7412850
 655:	50A6  DF411448			DW RFROM,TOIN,STORE,RFROM,RFROM
	      5542DF41
	      DF41
 656:	50B0  4A487A4A			DW TICKSOURCE,TWOSTORE,EXIT
	      2140
 657:			
 658:			;C QUIT     --    R: i*x --    interpret from kbd
 659:			;   L0 LP !  R0 RP!   0 STATE !
 660:			;   BEGIN
 661:			;       TIB DUP TIBSIZE ACCEPT  SPACE
 662:			;       INTERPRET
 663:			;       STATE @ 0= IF CR ." OK" THEN
 664:			;   AGAIN ;
 665:	50B6          		head QUIT,QUIT,docolon
 665:	50B6  8A50    			DW link
 665:	50B8  00      			DB 0
 665:	50B9          	link    DEFL $
 665:	50B9  04      			DB QUIT - $ -1
 665:	50BA  51554954			DB 'QUIT'
 665:	50BE          	QUIT:
 665:	0001          	IF  !(docolon=DOCODE)
 665:	50BE  CD5640  			call docolon
 665:			ENDIF
 665:	50C1          			ENDM
 666:	50C1  91486F48			DW L0,LP,STORE
	      5542
 667:	50C7  9C484542			DW R0,RPSTORE,LIT,0,STATE,STORE
	      39400000
	      2F485542
 668:			;QUIT1:  DW TIB,DUP,TIBSIZE,CPMACCEPT,?SPACE
 669:	50D3  FD473B41	QUIT1:  DW TIB,DUP,TIBSIZE,ACCEPT,?SPACE
	      F147764B
	      124B
 670:	50DD  2850    			DW INTERPRET
 671:	50DF  2F487A42			DW STATE,FETCH,ZEROEQUAL,qbranch,QUIT2
	      0544B844
	      F350
 672:	50E9  F84AFA4B			DW CR,XSQUOTE
 673:	50ED  036F6B20			DB 3,'ok '
 674:	50F1  CF4B    			DW TYPE
 675:	50F3  A244D350	QUIT2:  DW branch,QUIT1
 676:			
 677:			;C ABORT    i*x --   R: j*x --   clear stk & QUIT
 678:			;   S0 SP!  QUIT ;
 679:	50F7          		head ABORT,ABORT,docolon
 679:	50F7  B950    			DW link
 679:	50F9  00      			DB 0
 679:	50FA          	link    DEFL $
 679:	50FA  05      			DB ABORT - $ -1
 679:	50FB  41424F52			DB 'ABORT'
	      54
 679:	5100          	ABORT:
 679:	0001          	IF  !(docolon=DOCODE)
 679:	5100  CD5640  			call docolon
 679:			ENDIF
 679:	5103          			ENDM
 680:	5103  7A482142			DW S0,SPSTORE,QUIT   ; QUIT never returns
	      BE50
 681:			
 682:			;Z ?ABORT   f c-addr u --      abort & print msg
 683:			;   ROT IF TYPE ABORT THEN 2DROP ;
 684:	5109          		head QABORT,?ABORT,docolon
 684:	5109  FA50    			DW link
 684:	510B  00      			DB 0
 684:	510C          	link    DEFL $
 684:	510C  06      			DB QABORT - $ -1
 684:	510D  3F41424F			DB '?ABORT'
	      5254
 684:	5113          	QABORT:
 684:	0001          	IF  !(docolon=DOCODE)
 684:	5113  CD5640  			call docolon
 684:			ENDIF
 684:	5116          			ENDM
 685:	5116  9441B844			DW ROT,qbranch,QABO1,TYPE,ABORT
	      2051CF4B
	      0051
 686:	5120  924A2140	QABO1:  DW TWODROP,EXIT
 687:			
 688:			;C ABORT"  i*x 0  -- i*x   R: j*x -- j*x  x1=0
 689:			;C         i*x x1 --       R: j*x --      x1<>0
 690:			;   POSTPONE S" POSTPONE ?ABORT ; IMMEDIATE
 691:	5124          		immed ABORTQUOTE,ABORT",docolon
 691:	5124  0C51    			DW link
 691:	5126  01      			DB 1
 691:	5127          	link    DEFL $
 691:	5127  06      			DB ABORTQUOTE - $ -1
 691:	5128  41424F52			DB 'ABORT"'
	      5422
 691:	512E          	ABORTQUOTE:
 691:	0001          			IF  !(docolon=DOCODE)
 691:	512E  CD5640  			call docolon
 691:					ENDIF
 691:	5131          			ENDM
 692:	5131  114C    			DW SQUOTE
 693:	5133  39401351			DW LIT,QABORT,COMMAXT
	      5547
 694:	5139  2140    			DW EXIT
 695:			
 696:			;C '    -- xt           find word in dictionary
 697:			;   BL WORD FIND
 698:			;   0= ABORT" ?" ;
 699:			;    head TICK,',docolon
 700:	513B  2751    			DW link                 ; must expand
 701:	513D  00      			DB 0                    ; manually
 702:	513E          	link    DEFL $                  ; because of
 703:	513E  0127    			DB 1,27h                ; tick character
 704:	5140  CD5640  	TICK:   call docolon
 705:	5143  E147334E			DW BL,?WORD,FIND,ZEROEQUAL,XSQUOTE
	      C54E0544
	      FA4B
 706:	514D  013F    			DB 1,'?'
 707:	514F  13512140			DW QABORT,EXIT
 708:			
 709:			;C CHAR   -- char           parse ASCII character
 710:			;   BL WORD 1+ C@ ;
 711:	5153          		head CHAR,CHAR,docolon
 711:	5153  3E51    			DW link
 711:	5155  00      			DB 0
 711:	5156          	link    DEFL $
 711:	5156  04      			DB CHAR - $ -1
 711:	5157  43484152			DB 'CHAR'
 711:	515B          	CHAR:
 711:	0001          	IF  !(docolon=DOCODE)
 711:	515B  CD5640  			call docolon
 711:			ENDIF
 711:	515E          			ENDM
 712:	515E  E147334E			DW BL,?WORD,ONEPLUS,CFETCH,EXIT
	      68438C42
	      2140
 713:			
 714:			;C [CHAR]   --          compile character literal
 715:			;   CHAR  ['] LIT ,XT  , ; IMMEDIATE
 716:	5168          		immed BRACCHAR,[CHAR],docolon
 716:	5168  5651    			DW link
 716:	516A  01      			DB 1
 716:	516B          	link    DEFL $
 716:	516B  06      			DB BRACCHAR - $ -1
 716:	516C  5B434841			DB '[CHAR]'
	      525D
 716:	5172          	BRACCHAR:
 716:	0001          			IF  !(docolon=DOCODE)
 716:	5172  CD5640  			call docolon
 716:					ENDIF
 716:	5175          			ENDM
 717:	5175  5B51    			DW CHAR
 718:	5177  39403940			DW LIT,LIT,COMMAXT
	      5547
 719:	517D  B94D2140			DW COMMA,EXIT
 720:			
 721:			;C (    --                     skip input until )
 722:			;   [ HEX ] 29 WORD DROP ; IMMEDIATE
 723:	5181          		immed PAREN,(,docolon
 723:	5181  6B51    			DW link
 723:	5183  01      			DB 1
 723:	5184          	link    DEFL $
 723:	5184  01      			DB PAREN - $ -1
 723:	5185  28      			DB '('
 723:	5186          	PAREN:
 723:	0001          			IF  !(docolon=DOCODE)
 723:	5186  CD5640  			call docolon
 723:					ENDIF
 723:	5189          			ENDM
 724:	5189  39402900			DW LIT,29H,?WORD,DROP,EXIT
	      334E5E41
	      2140
 725:			
 726:			; COMPILER ======================================
 727:			
 728:			;C CREATE   --      create an empty definition
 729:			;   LATEST @ , 0 C,         link & immed field
 730:			;   HERE LATEST !           new "latest" link
 731:			;   BL WORD C@ 1+ ALLOT         name field
 732:			;   docreate ,CF                code field
 733:	5193          		head CREATE,CREATE,docolon
 733:	5193  8451    			DW link
 733:	5195  00      			DB 0
 733:	5196          	link    DEFL $
 733:	5196  06      			DB CREATE - $ -1
 733:	5197  43524541			DB 'CREATE'
	      5445
 733:	519D          	CREATE:
 733:	0001          	IF  !(docolon=DOCODE)
 733:	519D  CD5640  			call docolon
 733:			ENDIF
 733:	51A0          			ENDM
 734:	51A0  59487A42			DW LATEST,FETCH,COMMA,LIT,0,CCOMMA
	      B94D3940
	      0000D04D
 735:	51AC  994D5948			DW HERE,LATEST,STORE
	      5542
 736:	51B2  E147334E			DW BL,?WORD,CFETCH,ONEPLUS,ALLOT
	      8C426843
	      AB4D
 737:	51BC  39408240			DW LIT,docreate,COMMACF,EXIT
	      77472140
 738:			
 739:			;Z (DOES>)  --      run-time action of DOES>
 740:			;   R>              adrs of headless DOES> def'n
 741:			;   LATEST @ NFA>CFA    code field to fix up
 742:			;   !CF ;
 743:	51C4          		head XDOES,(DOES>),docolon
 743:	51C4  9651    			DW link
 743:	51C6  00      			DB 0
 743:	51C7          	link    DEFL $
 743:	51C7  07      			DB XDOES - $ -1
 743:	51C8  28444F45			DB '(DOES>)'
	      533E29
 743:	51CF          	XDOES:
 743:	0001          	IF  !(docolon=DOCODE)
 743:	51CF  CD5640  			call docolon
 743:			ENDIF
 743:	51D2          			ENDM
 744:	51D2  DF415948			DW RFROM,LATEST,FETCH,NFATOCFA,STORECF
	      7A429B4E
	      5F47
 745:	51DC  2140    			DW EXIT
 746:			
 747:			;C DOES>    --      change action of latest def'n
 748:			;   COMPILE (DOES>)
 749:			;   dodoes ,CF ; IMMEDIATE
 750:	51DE          		immed DOES,DOES>,docolon
 750:	51DE  C751    			DW link
 750:	51E0  01      			DB 1
 750:	51E1          	link    DEFL $
 750:	51E1  05      			DB DOES - $ -1
 750:	51E2  444F4553			DB 'DOES>'
	      3E
 750:	51E7          	DOES:
 750:	0001          			IF  !(docolon=DOCODE)
 750:	51E7  CD5640  			call docolon
 750:					ENDIF
 750:	51EA          			ENDM
 751:	51EA  3940CF51			DW LIT,XDOES,COMMAXT
	      5547
 752:	51F0  3940D140			DW LIT,dodoes,COMMACF,EXIT
	      77472140
 753:			
 754:			;C RECURSE  --      recurse current definition
 755:			;   LATEST @ NFA>CFA ,XT ; IMMEDIATE
 756:	51F8          		immed RECURSE,RECURSE,docolon
 756:	51F8  E151    			DW link
 756:	51FA  01      			DB 1
 756:	51FB          	link    DEFL $
 756:	51FB  07      			DB RECURSE - $ -1
 756:	51FC  52454355			DB 'RECURSE'
	      525345
 756:	5203          	RECURSE:
 756:	0001          			IF  !(docolon=DOCODE)
 756:	5203  CD5640  			call docolon
 756:					ENDIF
 756:	5206          			ENDM
 757:	5206  59487A42			DW LATEST,FETCH,NFATOCFA,COMMAXT,EXIT
	      9B4E5547
	      2140
 758:			
 759:			;C [        --      enter interpretive state
 760:			;   0 STATE ! ; IMMEDIATE
 761:	5210          		immed LEFTBRACKET,[,docolon
 761:	5210  FB51    			DW link
 761:	5212  01      			DB 1
 761:	5213          	link    DEFL $
 761:	5213  01      			DB LEFTBRACKET - $ -1
 761:	5214  5B      			DB '['
 761:	5215          	LEFTBRACKET:
 761:	0001          			IF  !(docolon=DOCODE)
 761:	5215  CD5640  			call docolon
 761:					ENDIF
 761:	5218          			ENDM
 762:	5218  39400000			DW LIT,0,STATE,STORE,EXIT
	      2F485542
	      2140
 763:			
 764:			;C ]        --      enter compiling state
 765:			;   -1 STATE ! ;
 766:	5222          		head RIGHTBRACKET,],docolon
 766:	5222  1352    			DW link
 766:	5224  00      			DB 0
 766:	5225          	link    DEFL $
 766:	5225  01      			DB RIGHTBRACKET - $ -1
 766:	5226  5D      			DB ']'
 766:	5227          	RIGHTBRACKET:
 766:	0001          	IF  !(docolon=DOCODE)
 766:	5227  CD5640  			call docolon
 766:			ENDIF
 766:	522A          			ENDM
 767:	522A  3940FFFF			DW LIT,-1,STATE,STORE,EXIT
	      2F485542
	      2140
 768:			
 769:			;Z HIDE     --      "hide" latest definition
 770:			;   LATEST @ DUP C@ 80 OR SWAP C! ;
 771:	5234          		head HIDE,HIDE,docolon
 771:	5234  2552    			DW link
 771:	5236  00      			DB 0
 771:	5237          	link    DEFL $
 771:	5237  04      			DB HIDE - $ -1
 771:	5238  48494445			DB 'HIDE'
 771:	523C          	HIDE:
 771:	0001          	IF  !(docolon=DOCODE)
 771:	523C  CD5640  			call docolon
 771:			ENDIF
 771:	523F          			ENDM
 772:	523F  59487A42			DW LATEST,FETCH,DUP,CFETCH,LIT,80H,?OR
	      3B418C42
	      39408000
	      1043
 773:	524D  6E416942			DW SWOP,CSTORE,EXIT
	      2140
 774:			
 775:			;Z REVEAL   --      "reveal" latest definition
 776:			;   LATEST @ DUP C@ 7F AND SWAP C! ;
 777:	5253          		head REVEAL,REVEAL,docolon
 777:	5253  3752    			DW link
 777:	5255  00      			DB 0
 777:	5256          	link    DEFL $
 777:	5256  06      			DB REVEAL - $ -1
 777:	5257  52455645			DB 'REVEAL'
	      414C
 777:	525D          	REVEAL:
 777:	0001          	IF  !(docolon=DOCODE)
 777:	525D  CD5640  			call docolon
 777:			ENDIF
 777:	5260          			ENDM
 778:	5260  59487A42			DW LATEST,FETCH,DUP,CFETCH,LIT,7FH,?AND
	      3B418C42
	      39407F00
	      FC42
 779:	526E  6E416942			DW SWOP,CSTORE,EXIT
	      2140
 780:			
 781:			;C IMMEDIATE   --   make last def'n immediate
 782:			;   1 LATEST @ 1- C! ;   set immediate flag
 783:	5274          		head IMMEDIATE,IMMEDIATE,docolon
 783:	5274  5652    			DW link
 783:	5276  00      			DB 0
 783:	5277          	link    DEFL $
 783:	5277  09      			DB IMMEDIATE - $ -1
 783:	5278  494D4D45			DB 'IMMEDIATE'
	      44494154
	      45
 783:	5281          	IMMEDIATE:
 783:	0001          	IF  !(docolon=DOCODE)
 783:	5281  CD5640  			call docolon
 783:			ENDIF
 783:	5284          			ENDM
 784:	5284  39400100			DW LIT,1,LATEST,FETCH,ONEMINUS,CSTORE
	      59487A42
	      76436942
 785:	5290  2140    			DW EXIT
 786:			
 787:			;C :        --      begin a colon definition
 788:			;   CREATE HIDE ] !COLON ;
 789:	5292          		head COLON,:,docode
 789:	5292  7752    			DW link
 789:	5294  00      			DB 0
 789:	5295          	link    DEFL $
 789:	5295  01      			DB COLON - $ -1
 789:	5296  3A      			DB ':'
 789:	5297          	COLON:
 789:	0000          	IF  !(docode=DOCODE)
 789:					call docode
 789:			ENDIF
 789:	5297          			ENDM
 790:	5297  CD5640  			CALL docolon    ; code fwd ref explicitly
 791:	529A  9D513C52			DW CREATE,HIDE,RIGHTBRACKET,STORCOLON
	      27529047
 792:	52A2  2140    			DW EXIT
 793:			
 794:			;C ;
 795:			;   REVEAL  ,EXIT
 796:			;   POSTPONE [  ; IMMEDIATE
 797:	52A4          		immed SEMICOLON,';',docolon
 797:	52A4  9552    			DW link
 797:	52A6  01      			DB 1
 797:	52A7          	link    DEFL $
 797:	52A7  01      			DB SEMICOLON - $ -1
 797:	52A8  3B      			DB ';'
 797:	52A9          	SEMICOLON:
 797:	0001          			IF  !(docolon=DOCODE)
 797:	52A9  CD5640  			call docolon
 797:					ENDIF
 797:	52AC          			ENDM
 798:	52AC  5D52AA47			DW REVEAL,CEXIT
 799:	52B0  15522140			DW LEFTBRACKET,EXIT
 800:			
 801:			;C [']  --         find word & compile as literal
 802:			;   '  ['] LIT ,XT  , ; IMMEDIATE
 803:			; When encountered in a colon definition, the
 804:			; phrase  ['] xxx  will cause   LIT,xxt  to be
 805:			; compiled into the colon definition (where
 806:			; (where xxt is the execution token of word xxx).
 807:			; When the colon definition executes, xxt will
 808:			; be put on the stack.  (All xt's are one cell.)
 809:			;    immed BRACTICK,['],docolon
 810:	52B4  A752    			DW link                 ; must expand
 811:	52B6  01      			DB 1                    ; manually
 812:	52B7          	link    DEFL $                  ; because of
 813:	52B7  035B275D			DB 3,5Bh,27h,5Dh        ; tick character
 814:	52BB  CD5640  	BRACTICK: call docolon
 815:	52BE  4051    			DW TICK               ; get xt of 'xxx'
 816:	52C0  39403940			DW LIT,LIT,COMMAXT    ; append LIT action
	      5547
 817:	52C6  B94D2140			DW COMMA,EXIT         ; append xt literal
 818:			
 819:			;C POSTPONE  --   postpone compile action of word
 820:			;   BL WORD FIND
 821:			;   DUP 0= ABORT" ?"
 822:			;   0< IF   -- xt  non immed: add code to current
 823:			;                  def'n to compile xt later.
 824:			;       ['] LIT ,XT  ,      add "LIT,xt,COMMAXT"
 825:			;       ['] ,XT ,XT         to current definition
 826:			;   ELSE  ,XT      immed: compile into cur. def'n
 827:			;   THEN ; IMMEDIATE
 828:	52CA          		immed POSTPONE,POSTPONE,docolon
 828:	52CA  B752    			DW link
 828:	52CC  01      			DB 1
 828:	52CD          	link    DEFL $
 828:	52CD  08      			DB POSTPONE - $ -1
 828:	52CE  504F5354			DB 'POSTPONE'
	      504F4E45
 828:	52D6          	POSTPONE:
 828:	0001          			IF  !(docolon=DOCODE)
 828:	52D6  CD5640  			call docolon
 828:					ENDIF
 828:	52D9          			ENDM
 829:	52D9  E147334E			DW BL,?WORD,FIND,DUP,ZEROEQUAL,XSQUOTE
	      C54E3B41
	      0544FA4B
 830:	52E5  013F    			DB 1,'?'
 831:	52E7  13511944			DW QABORT,ZEROLESS,qbranch,POST1
	      B8440153
 832:	52EF  39403940			DW LIT,LIT,COMMAXT,COMMA
	      5547B94D
 833:	52F7  39405547			DW LIT,COMMAXT,COMMAXT,branch,POST2
	      5547A244
	      0353
 834:	5301  5547    	POST1:  DW COMMAXT
 835:	5303  2140    	POST2:  DW EXIT
 836:			
 837:			;Z COMPILE   --   append inline execution token
 838:			;   R> DUP CELL+ >R @ ,XT ;
 839:			; The phrase ['] xxx ,XT appears so often that
 840:			; this word was created to combine the actions
 841:			; of LIT and ,XT.  It takes an inline literal
 842:			; execution token and appends it to the dict.
 843:			;    head COMPILE,COMPILE,docolon
 844:			;        DW RFROM,DUP,CELLPLUS,TOR
 845:			;        DW FETCH,COMMAXT,EXIT
 846:			; N.B.: not used in the current implementation
 847:			
 848:			; CONTROL STRUCTURES ============================
 849:			
 850:			;C IF       -- adrs    conditional forward branch
 851:			;   ['] qbranch ,BRANCH  HERE DUP ,DEST ;
 852:			;   IMMEDIATE
 853:	5305          		immed ?IF,IF,docolon
 853:	5305  CD52    			DW link
 853:	5307  01      			DB 1
 853:	5308          	link    DEFL $
 853:	5308  02      			DB ?IF - $ -1
 853:	5309  4946    			DB 'IF'
 853:	530B          	?IF:
 853:	0001          			IF  !(docolon=DOCODE)
 853:	530B  CD5640  			call docolon
 853:					ENDIF
 853:	530E          			ENDM
 854:	530E  3940B844			DW LIT,qbranch,COMMABRANCH
	      C047
 855:	5314  994D3B41			DW HERE,DUP,COMMADEST,EXIT
	      CC472140
 856:			
 857:			;C THEN     adrs --        resolve forward branch
 858:			;   HERE SWAP !DEST ; IMMEDIATE
 859:	531C          		immed THEN,THEN,docolon
 859:	531C  0853    			DW link
 859:	531E  01      			DB 1
 859:	531F          	link    DEFL $
 859:	531F  04      			DB THEN - $ -1
 859:	5320  5448454E			DB 'THEN'
 859:	5324          	THEN:
 859:	0001          			IF  !(docolon=DOCODE)
 859:	5324  CD5640  			call docolon
 859:					ENDIF
 859:	5327          			ENDM
 860:	5327  994D6E41			DW HERE,SWOP,STOREDEST,EXIT
	      D8472140
 861:			
 862:			;C ELSE     adrs1 -- adrs2    branch for IF..ELSE
 863:			;   ['] branch ,BRANCH  HERE DUP ,DEST
 864:			;   SWAP  POSTPONE THEN ; IMMEDIATE
 865:	532F          		immed ?ELSE,ELSE,docolon
 865:	532F  1F53    			DW link
 865:	5331  01      			DB 1
 865:	5332          	link    DEFL $
 865:	5332  04      			DB ?ELSE - $ -1
 865:	5333  454C5345			DB 'ELSE'
 865:	5337          	?ELSE:
 865:	0001          			IF  !(docolon=DOCODE)
 865:	5337  CD5640  			call docolon
 865:					ENDIF
 865:	533A          			ENDM
 866:	533A  3940A244			DW LIT,branch,COMMABRANCH
	      C047
 867:	5340  994D3B41			DW HERE,DUP,COMMADEST
	      CC47
 868:	5346  6E412453			DW SWOP,THEN,EXIT
	      2140
 869:			
 870:			;C BEGIN    -- adrs        target for bwd. branch
 871:			;   HERE ; IMMEDIATE
 872:	534C          		immed BEGIN,BEGIN,docode
 872:	534C  3253    			DW link
 872:	534E  01      			DB 1
 872:	534F          	link    DEFL $
 872:	534F  05      			DB BEGIN - $ -1
 872:	5350  42454749			DB 'BEGIN'
	      4E
 872:	5355          	BEGIN:
 872:	0000          			IF  !(docode=DOCODE)
 872:					call docode
 872:					ENDIF
 872:	5355          			ENDM
 873:	5355  C3994D  			jp HERE
 874:			
 875:			;C UNTIL    adrs --   conditional backward branch
 876:			;   ['] qbranch ,BRANCH  ,DEST ; IMMEDIATE
 877:			;   conditional backward branch
 878:	5358          		immed UNTIL,UNTIL,docolon
 878:	5358  4F53    			DW link
 878:	535A  01      			DB 1
 878:	535B          	link    DEFL $
 878:	535B  05      			DB UNTIL - $ -1
 878:	535C  554E5449			DB 'UNTIL'
	      4C
 878:	5361          	UNTIL:
 878:	0001          			IF  !(docolon=DOCODE)
 878:	5361  CD5640  			call docolon
 878:					ENDIF
 878:	5364          			ENDM
 879:	5364  3940B844			DW LIT,qbranch,COMMABRANCH
	      C047
 880:	536A  CC472140			DW COMMADEST,EXIT
 881:			
 882:			;X AGAIN    adrs --      uncond'l backward branch
 883:			;   ['] branch ,BRANCH  ,DEST ; IMMEDIATE
 884:			;   unconditional backward branch
 885:	536E          		immed AGAIN,AGAIN,docolon
 885:	536E  5B53    			DW link
 885:	5370  01      			DB 1
 885:	5371          	link    DEFL $
 885:	5371  05      			DB AGAIN - $ -1
 885:	5372  41474149			DB 'AGAIN'
	      4E
 885:	5377          	AGAIN:
 885:	0001          			IF  !(docolon=DOCODE)
 885:	5377  CD5640  			call docolon
 885:					ENDIF
 885:	537A          			ENDM
 886:	537A  3940A244			DW LIT,branch,COMMABRANCH
	      C047
 887:	5380  CC472140			DW COMMADEST,EXIT
 888:			
 889:			;C WHILE    -- adrs         branch for WHILE loop
 890:			;   POSTPONE IF ; IMMEDIATE
 891:	5384          		immed WHILE,WHILE,docode
 891:	5384  7153    			DW link
 891:	5386  01      			DB 1
 891:	5387          	link    DEFL $
 891:	5387  05      			DB WHILE - $ -1
 891:	5388  5748494C			DB 'WHILE'
	      45
 891:	538D          	WHILE:
 891:	0000          			IF  !(docode=DOCODE)
 891:					call docode
 891:					ENDIF
 891:	538D          			ENDM
 892:	538D  C30B53  			jp ?IF
 893:			
 894:			;C REPEAT   adrs1 adrs2 --     resolve WHILE loop
 895:			;   SWAP POSTPONE AGAIN POSTPONE THEN ; IMMEDIATE
 896:	5390          		immed REPEAT,REPEAT,docolon
 896:	5390  8753    			DW link
 896:	5392  01      			DB 1
 896:	5393          	link    DEFL $
 896:	5393  06      			DB REPEAT - $ -1
 896:	5394  52455045			DB 'REPEAT'
	      4154
 896:	539A          	REPEAT:
 896:	0001          			IF  !(docolon=DOCODE)
 896:	539A  CD5640  			call docolon
 896:					ENDIF
 896:	539D          			ENDM
 897:	539D  6E417753			DW SWOP,AGAIN,THEN,EXIT
	      24532140
 898:			
 899:			;Z >L   x --   L: -- x        move to leave stack
 900:			;   CELL LP +!  LP @ ! ;      (L stack grows up)
 901:	53A5          		head TOL,>L,docolon
 901:	53A5  9353    			DW link
 901:	53A7  00      			DB 0
 901:	53A8          	link    DEFL $
 901:	53A8  02      			DB TOL - $ -1
 901:	53A9  3E4C    			DB '>L'
 901:	53AB          	TOL:
 901:	0001          	IF  !(docolon=DOCODE)
 901:	53AB  CD5640  			call docolon
 901:			ENDIF
 901:	53AE          			ENDM
 902:	53AE  FB466F48			DW CELL,LP,PLUSSTORE,LP,FETCH,STORE,EXIT
	      EF436F48
	      7A425542
	      2140
 903:			
 904:			;Z L>   -- x   L: x --      move from leave stack
 905:			;   LP @ @  CELL NEGATE LP +! ;
 906:	53BC          		head LFROM,L>,docolon
 906:	53BC  A853    			DW link
 906:	53BE  00      			DB 0
 906:	53BF          	link    DEFL $
 906:	53BF  02      			DB LFROM - $ -1
 906:	53C0  4C3E    			DB 'L>'
 906:	53C2          	LFROM:
 906:	0001          	IF  !(docolon=DOCODE)
 906:	53C2  CD5640  			call docolon
 906:			ENDIF
 906:	53C5          			ENDM
 907:	53C5  6F487A42			DW LP,FETCH,FETCH
	      7A42
 908:	53CB  FB465443			DW CELL,NEGATE,LP,PLUSSTORE,EXIT
	      6F48EF43
	      2140
 909:			
 910:			;C DO       -- adrs   L: -- 0
 911:			;   ['] xdo ,XT   HERE     target for bwd branch
 912:			;   0 >L ; IMMEDIATE           marker for LEAVEs
 913:	53D5          		immed DO,DO,docolon
 913:	53D5  BF53    			DW link
 913:	53D7  01      			DB 1
 913:	53D8          	link    DEFL $
 913:	53D8  02      			DB DO - $ -1
 913:	53D9  444F    			DB 'DO'
 913:	53DB          	DO:
 913:	0001          			IF  !(docolon=DOCODE)
 913:	53DB  CD5640  			call docolon
 913:					ENDIF
 913:	53DE          			ENDM
 914:	53DE  3940CE44			DW LIT,xdo,COMMAXT,HERE
	      5547994D
 915:	53E6  39400000			DW LIT,0,TOL,EXIT
	      AB532140
 916:			
 917:			;Z ENDLOOP   adrs xt --   L: 0 a1 a2 .. aN --
 918:			;   ,BRANCH  ,DEST                backward loop
 919:			;   BEGIN L> ?DUP WHILE POSTPONE THEN REPEAT ;
 920:			;                                 resolve LEAVEs
 921:			; This is a common factor of LOOP and +LOOP.
 922:	53EE          		head ENDLOOP,ENDLOOP,docolon
 922:	53EE  D853    			DW link
 922:	53F0  00      			DB 0
 922:	53F1          	link    DEFL $
 922:	53F1  07      			DB ENDLOOP - $ -1
 922:	53F2  454E444C			DB 'ENDLOOP'
	      4F4F50
 922:	53F9          	ENDLOOP:
 922:	0001          	IF  !(docolon=DOCODE)
 922:	53F9  CD5640  			call docolon
 922:			ENDIF
 922:	53FC          			ENDM
 923:	53FC  C047CC47			DW COMMABRANCH,COMMADEST
 924:	5400  C2534B41	LOOP1:  DW LFROM,QDUP,qbranch,LOOP2
	      B8440E54
 925:	5408  2453A244			DW THEN,branch,LOOP1
	      0054
 926:	540E  2140    	LOOP2:  DW EXIT
 927:			
 928:			;C LOOP    adrs --   L: 0 a1 a2 .. aN --
 929:			;   ['] xloop ENDLOOP ;  IMMEDIATE
 930:	5410          		immed LOOP,LOOP,docolon
 930:	5410  F153    			DW link
 930:	5412  01      			DB 1
 930:	5413          	link    DEFL $
 930:	5413  04      			DB LOOP - $ -1
 930:	5414  4C4F4F50			DB 'LOOP'
 930:	5418          	LOOP:
 930:	0001          			IF  !(docolon=DOCODE)
 930:	5418  CD5640  			call docolon
 930:					ENDIF
 930:	541B          			ENDM
 931:	541B  3940FF44			DW LIT,xloop,ENDLOOP,EXIT
	      F9532140
 932:			
 933:			;C +LOOP   adrs --   L: 0 a1 a2 .. aN --
 934:			;   ['] xplusloop ENDLOOP ;  IMMEDIATE
 935:	5423          		immed PLUSLOOP,+LOOP,docolon
 935:	5423  1354    			DW link
 935:	5425  01      			DB 1
 935:	5426          	link    DEFL $
 935:	5426  05      			DB PLUSLOOP - $ -1
 935:	5427  2B4C4F4F			DB '+LOOP'
	      50
 935:	542C          	PLUSLOOP:
 935:	0001          			IF  !(docolon=DOCODE)
 935:	542C  CD5640  			call docolon
 935:					ENDIF
 935:	542F          			ENDM
 936:	542F  39403345			DW LIT,xplusloop,ENDLOOP,EXIT
	      F9532140
 937:			
 938:			;C LEAVE    --    L: -- adrs
 939:			;   ['] UNLOOP ,XT
 940:			;   ['] branch ,BRANCH   HERE DUP ,DEST  >L
 941:			;   ; IMMEDIATE      unconditional forward branch
 942:	5437          		immed LEAVE,LEAVE,docolon
 942:	5437  2654    			DW link
 942:	5439  01      			DB 1
 942:	543A          	link    DEFL $
 942:	543A  05      			DB LEAVE - $ -1
 942:	543B  4C454156			DB 'LEAVE'
	      45
 942:	5440          	LEAVE:
 942:	0001          			IF  !(docolon=DOCODE)
 942:	5440  CD5640  			call docolon
 942:					ENDIF
 942:	5443          			ENDM
 943:	5443  39408145			DW LIT,unloop,COMMAXT
	      5547
 944:	5449  3940A244			DW LIT,branch,COMMABRANCH
	      C047
 945:	544F  994D3B41			DW HERE,DUP,COMMADEST,TOL,EXIT
	      CC47AB53
	      2140
 946:			
 947:			; OTHER OPERATIONS ==============================
 948:			
 949:			;X WITHIN   n1|u1 n2|u2 n3|u3 -- f   n2<=n1<n3?
 950:			;  OVER - >R - R> U< ;          per ANS document
 951:	5459          		head WITHIN,WITHIN,docolon
 951:	5459  3A54    			DW link
 951:	545B  00      			DB 0
 951:	545C          	link    DEFL $
 951:	545C  06      			DB WITHIN - $ -1
 951:	545D  57495448			DB 'WITHIN'
	      494E
 951:	5463          	WITHIN:
 951:	0001          	IF  !(docolon=DOCODE)
 951:	5463  CD5640  			call docolon
 951:			ENDIF
 951:	5466          			ENDM
 952:	5466  8141E842			DW OVER,MINUS,TOR,MINUS,RFROM,ULESS,EXIT
	      C741E842
	      DF417B44
	      2140
 953:			
 954:			;C MOVE    addr1 addr2 u --     smart move
 955:			;             VERSION FOR 1 ADDRESS UNIT = 1 CHAR
 956:			;  >R 2DUP SWAP DUP R@ +     -- ... dst src src+n
 957:			;  WITHIN IF  R> CMOVE>        src <= dst < src+n
 958:			;       ELSE  R> CMOVE  THEN ;          otherwise
 959:	5474          		head MOVE,MOVE,docolon
 959:	5474  5C54    			DW link
 959:	5476  00      			DB 0
 959:	5477          	link    DEFL $
 959:	5477  04      			DB MOVE - $ -1
 959:	5478  4D4F5645			DB 'MOVE'
 959:	547C          	MOVE:
 959:	0001          	IF  !(docolon=DOCODE)
 959:	547C  CD5640  			call docolon
 959:			ENDIF
 959:	547F          			ENDM
 960:	547F  C741A34A			DW TOR,TWODUP,SWOP,DUP,RFETCH,PLUS
	      6E413B41
	      F741C042
 961:	548B  6354B844			DW WITHIN,qbranch,MOVE1
	      9954
 962:	5491  DF414446			DW RFROM,CMOVEUP,branch,MOVE2
	      A2449D54
 963:	5499  DF412646	MOVE1:  DW RFROM,CMOVE
 964:	549D  2140    	MOVE2:  DW EXIT
 965:			
 966:			;C DEPTH    -- +n        number of items on stack
 967:			;   SP@ S0 SWAP - 2/ ;   16-BIT VERSION!
 968:	549F          		head DEPTH,DEPTH,docolon
 968:	549F  7754    			DW link
 968:	54A1  00      			DB 0
 968:	54A2          	link    DEFL $
 968:	54A2  05      			DB DEPTH - $ -1
 968:	54A3  44455054			DB 'DEPTH'
	      48
 968:	54A8          	DEPTH:
 968:	0001          	IF  !(docolon=DOCODE)
 968:	54A8  CD5640  			call docolon
 968:			ENDIF
 968:	54AB          			ENDM
 969:	54AB  0C427A48			DW SPFETCH,S0,SWOP,MINUS,TWOSLASH,EXIT
	      6E41E842
	      A5432140
 970:			
 971:			;C ENVIRONMENT?  c-addr u -- false   system query
 972:			;                         -- i*x true
 973:			;   2DROP 0 ;       the minimal definition!
 974:	54B7          		head ENVIRONMENTQ2,ENVIRONMENT?,docolon
 974:	54B7  A254    			DW link
 974:	54B9  00      			DB 0
 974:	54BA          	link    DEFL $
 974:	54BA  0C      			DB ENVIRONMENTQ2 - $ -1
 974:	54BB  454E5649			DB 'ENVIRONMENT?'
	      524F4E4D
	      454E543F
 974:	54C7          	ENVIRONMENTQ2:
 974:	0001          	IF  !(docolon=DOCODE)
 974:	54C7  CD5640  			call docolon
 974:			ENDIF
 974:	54CA          			ENDM
 975:	54CA  924A3940			DW TWODROP,LIT,0,EXIT
	      00002140
 976:			
 977:			; UTILITY WORDS AND STARTUP =====================
 978:			
 979:			;X WORDS    --          list all words in dict.
 980:			;   LATEST @ BEGIN
 981:			;       DUP COUNT TYPE SPACE
 982:			;       NFA>LFA @
 983:			;   DUP 0= UNTIL
 984:			;   DROP ;
 985:	54D2          		head WORDS,WORDS,docolon
 985:	54D2  BA54    			DW link
 985:	54D4  00      			DB 0
 985:	54D5          	link    DEFL $
 985:	54D5  05      			DB WORDS - $ -1
 985:	54D6  574F5244			DB 'WORDS'
	      53
 985:	54DB          	WORDS:
 985:	0001          	IF  !(docolon=DOCODE)
 985:	54DB  CD5640  			call docolon
 985:			ENDIF
 985:	54DE          			ENDM
 986:	54DE  59487A42			DW LATEST,FETCH
 987:	54E2  3B41E54A	WDS1:   DW DUP,COUNT,TYPE,?SPACE,NFATOLFA,FETCH
	      CF4B124B
	      854E7A42
 988:	54EE  3B410544			DW DUP,ZEROEQUAL,qbranch,WDS1
	      B844E254
 989:	54F6  5E412140			DW DROP,EXIT
 990:			
 991:			;X .S      --           print stack contents
 992:			;   SP@ S0 - IF
 993:			;       SP@ S0 2 - DO I @ U. -2 +LOOP
 994:			;   THEN ;
 995:	54FA          		head DOTS,.S,docolon
 995:	54FA  D554    			DW link
 995:	54FC  00      			DB 0
 995:	54FD          	link    DEFL $
 995:	54FD  02      			DB DOTS - $ -1
 995:	54FE  2E53    			DB '.S'
 995:	5500          	DOTS:
 995:	0001          	IF  !(docolon=DOCODE)
 995:	5500  CD5640  			call docolon
 995:			ENDIF
 995:	5503          			ENDM
 996:	5503  0C427A48			DW SPFETCH,S0,MINUS,qbranch,DOTS2
	      E842B844
	      2755
 997:	550D  0C427A48			DW SPFETCH,S0,LIT,2,MINUS,XDO
	      39400200
	      E842CE44
 998:	5519  40457A42	DOTS1:  DW II,FETCH,UDOT,LIT,-2,XPLUSLOOP,DOTS1
	      324D3940
	      FEFF3345
	      1955
 999:	5527  2140    	DOTS2:  DW EXIT
1000:			
1001:			;Z COLD     --      cold start Forth system
1002:			;   UINIT U0 #INIT CMOVE      init user area
1003:			;   80 COUNT INTERPRET       interpret CP/M cmd
1004:			;   ." Z80 CamelForth etc."
1005:			;   ABORT ;
1006:	5529          		head COLD,COLD,docolon
1006:	5529  FD54    			DW link
1006:	552B  00      			DB 0
1006:	552C          	link    DEFL $
1006:	552C  04      			DB COLD - $ -1
1006:	552D  434F4C44			DB 'COLD'
1006:	5531          	COLD:
1006:	0001          	IF  !(docolon=DOCODE)
1006:	5531  CD5640  			call docolon
1006:			ENDIF
1006:	5534          			ENDM
1007:	5534  AA480848			DW UINIT,U0,NINIT,CMOVE
	      C8482646
1008:					;DW LIT,0,TIB,CSTORE
1009:	553C  FA4B    			DW XSQUOTE
1010:	553E  235A3830			DB 35,'Z80 CamelForth v1.01  25 Jan 1995'
	      2043616D
	      656C466F
	      72746820
	      76312E30
	      31202032
	      35204A61
	      6E203139
	      3935
1011:	5560  0A0D    			DB 0ah,0dh
1012:	5562  CF4B0051			DW TYPE,ABORT       ; ABORT never returns
1013:			
1014:			;end
**** /home/juergen/Projects/zilogz80-code/SELZ80Trainer/ROMS/camel80.z80 ****
1062:				include camelSEL.azm   ; SEL Z80 Extension
**** /home/juergen/Projects/zilogz80-code/SELZ80Trainer/ROMS/camelSEL.azm ****
   1:			
   2:			;
   3:			; +---------------------------------------------------------------+
   4:			; |	      Copyright	(c) 2015 NadiSoft <JSievers@NadiSoft.de>      |
   5:			; |		    Juergen Sievers, NadiSoft  GPL                        |
   6:			; +---------------------------------------------------------------+
   7:			;
   8:			
   9:			; File Name   :	camelSEL.azm
  10:			; Format      :	Z80 Assembler
  11:			
  12:			; Processor	  : z80
  13:			; Target assembler: zmac
  14:			
  15:			; =================================================================
  16:			
  17:			; camel forth extension for the SEL Z80 Trainer
  18:			
  19:			        ; -----
  20:	5566  F3      	        db seg7E|seg7F|seg7A|seg7B|seg7C|seg7D      ; 0
  21:	5567  F7      	        db seg7E|seg7F|seg7G|seg7A|seg7B|seg7C|seg7D; 8
  22:	5568  04      	        db seg7G                                    ; -
  23:	5569  47      	        db seg7E|seg7F|seg7G|seg7C                  ; h
  24:	556A  07      	        db seg7E|seg7F|seg7G                        ; t
  25:	556B  05      	        db seg7E|seg7G                              ; r
  26:	556C  C5      	        db seg7E|seg7G|seg7C|seg7D                  ; o
  27:	556D  17      	intro:  db seg7E|seg7F|seg7G|seg7A                  ; F
  28:	556E  216D55  	selinit:ld hl,intro
  29:	5571  AF      	        xor a
  30:	5572  CD0000  	        call sendds_1
U 'sendds_1' Undeclared
  31:	5575  C9      	        ret
  32:			; ---------------------------------------------
  33:			
  34:			; Set LEDs to c
  35:			;   c --
  36:	5576          	        head LEDS,LEDS,docolon
  36:	5576  2C55    			DW link
  36:	5578  00      			DB 0
  36:	5579          	link    DEFL $
  36:	5579  04      			DB LEDS - $ -1
  36:	557A  4C454453			DB 'LEDS'
  36:	557E          	LEDS:
  36:	0001          	IF  !(docolon=DOCODE)
  36:	557E  CD5640  			call docolon
  36:			ENDIF
  36:	5581          			ENDM
  37:	5581  39400C00		DW LIT, BinIO_PC, PCSTORE, EXIT
	      9E422140
  38:			
  39:			; Set GetSwitch to c
  40:			;   -- c
  41:	5589          	        head SWITCH,SWITCH,docolon
  41:	5589  7955    			DW link
  41:	558B  00      			DB 0
  41:	558C          	link    DEFL $
  41:	558C  06      			DB SWITCH - $ -1
  41:	558D  53574954			DB 'SWITCH'
	      4348
  41:	5593          	SWITCH:
  41:	0001          	IF  !(docolon=DOCODE)
  41:	5593  CD5640  			call docolon
  41:			ENDIF
  41:	5596          			ENDM
  42:	5596  39400C00		DW LIT, BinIO_PC, PCFETCH, EXIT
	      B0422140
  43:			
  44:			; SEL Disply byte c on position p (0-3)
  45:			;   c p --
  46:	559E          	        head DISPLAYB,DISPLAYB,docode
  46:	559E  8C55    			DW link
  46:	55A0  00      			DB 0
  46:	55A1          	link    DEFL $
  46:	55A1  08      			DB DISPLAYB - $ -1
  46:	55A2  44495350			DB 'DISPLAYB'
	      4C415942
  46:	55AA          	DISPLAYB:
  46:	0000          	IF  !(docode=DOCODE)
  46:					call docode
  46:			ENDIF
  46:	55AA          			ENDM
  47:	55AA  E3      		ex	(sp),hl	; x
  48:	55AB  7D      		ld	a,l
  49:	55AC  CD0000  		call	senda ; c position, a byte
U 'senda' Undeclared
  50:	55AF  E1      		pop	hl
  51:	55B0  C1      		pop	bc
  52:	55B1          		next
  52:	55B1  EB      			ex de,hl
  52:	55B2          			nexthl
  52:	55B2  5E      			ld e,(hl)
  52:	55B3  23      			inc hl
  52:	55B4  56      			ld d,(hl)
  52:	55B5  23      			inc hl
  52:	55B6  EB      			ex de,hl
  52:	55B7  E9      			jp (hl)
  52:	55B8          			ENDM
  52:	55B8          			ENDM
  53:			
  54:			; SEL Disply word n on position p (0 rigth 1 left)
  55:			;   n p --
  56:	55B8          	    head DISPLAYW,DISPLAYW,docode
  56:	55B8  A155    			DW link
  56:	55BA  00      			DB 0
  56:	55BB          	link    DEFL $
  56:	55BB  08      			DB DISPLAYW - $ -1
  56:	55BC  44495350			DB 'DISPLAYW'
	      4C415957
  56:	55C4          	DISPLAYW:
  56:	0000          	IF  !(docode=DOCODE)
  56:					call docode
  56:			ENDIF
  56:	55C4          			ENDM
  57:	55C4  E3      	    ex (sp),hl	; x
  58:	55C5  CD0000  	    call	sendhl
U 'sendhl' Undeclared
  59:	55C8  E1      	    pop	hl
  60:	55C9  C1      	    pop	bc
  61:	55CA          	    next
  61:	55CA  EB      			ex de,hl
  61:	55CB          			nexthl
  61:	55CB  5E      			ld e,(hl)
  61:	55CC  23      			inc hl
  61:	55CD  56      			ld d,(hl)
  61:	55CE  23      			inc hl
  61:	55CF  EB      			ex de,hl
  61:	55D0  E9      			jp (hl)
  61:	55D1          			ENDM
  61:	55D1          			ENDM
  62:			
  63:			; SEL GetByte
  64:			;    -- c
  65:	55D1          	head GETHEXB,GETHEXB,docode
  65:	55D1  BB55    			DW link
  65:	55D3  00      			DB 0
  65:	55D4          	link    DEFL $
  65:	55D4  07      			DB GETHEXB - $ -1
  65:	55D5  47455448			DB 'GETHEXB'
	      455842
  65:	55DC          	GETHEXB:
  65:	0000          	IF  !(docode=DOCODE)
  65:					call docode
  65:			ENDIF
  65:	55DC          			ENDM
  66:	55DC  C5      	    push bc
  67:	55DD  CD0000  	    call gethx
U 'gethx' Undeclared
  68:	55E0  4F      	    ld c,a
  69:	55E1  0600    	    ld b,0
  70:	55E3          	    next
  70:	55E3  EB      			ex de,hl
  70:	55E4          			nexthl
  70:	55E4  5E      			ld e,(hl)
  70:	55E5  23      			inc hl
  70:	55E6  56      			ld d,(hl)
  70:	55E7  23      			inc hl
  70:	55E8  EB      			ex de,hl
  70:	55E9  E9      			jp (hl)
  70:	55EA          			ENDM
  70:	55EA          			ENDM
  71:			
  72:			; SEL GetByte
  73:			;    -- c
  74:	55EA          	head GETHEXW,GETHEXW,docode
  74:	55EA  D455    			DW link
  74:	55EC  00      			DB 0
  74:	55ED          	link    DEFL $
  74:	55ED  07      			DB GETHEXW - $ -1
  74:	55EE  47455448			DB 'GETHEXW'
	      455857
  74:	55F5          	GETHEXW:
  74:	0000          	IF  !(docode=DOCODE)
  74:					call docode
  74:			ENDIF
  74:	55F5          			ENDM
  75:	55F5  C5      	    push bc
  76:	55F6  E5      	    push hl
  77:	55F7  CD0000  	    call getadr
U 'getadr' Undeclared
  78:	55FA  44      	    ld  b,h
  79:	55FB  4D      	    ld  c,l
  80:	55FC  E1      	    pop hl
  81:	55FD          	    next
  81:	55FD  EB      			ex de,hl
  81:	55FE          			nexthl
  81:	55FE  5E      			ld e,(hl)
  81:	55FF  23      			inc hl
  81:	5600  56      			ld d,(hl)
  81:	5601  23      			inc hl
  81:	5602  EB      			ex de,hl
  81:	5603  E9      			jp (hl)
  81:	5604          			ENDM
  81:	5604          			ENDM
  82:			
  83:			; SEL Delay n x 5msec
  84:			;    n --
  85:	5604          	head DELAY5,DELAY5,docode
  85:	5604  ED55    			DW link
  85:	5606  00      			DB 0
  85:	5607          	link    DEFL $
  85:	5607  06      			DB DELAY5 - $ -1
  85:	5608  44454C41			DB 'DELAY5'
	      5935
  85:	560E          	DELAY5:
  85:	0000          	IF  !(docode=DOCODE)
  85:					call docode
  85:			ENDIF
  85:	560E          			ENDM
  86:	560E  41      	    ld b,c
  87:	560F  CD0000  	    call delay_1
U 'delay_1' Undeclared
  88:	5612  C1      	    pop bc
  89:	5613          	    next
  89:	5613  EB      			ex de,hl
  89:	5614          			nexthl
  89:	5614  5E      			ld e,(hl)
  89:	5615  23      			inc hl
  89:	5616  56      			ld d,(hl)
  89:	5617  23      			inc hl
  89:	5618  EB      			ex de,hl
  89:	5619  E9      			jp (hl)
  89:	561A          			ENDM
  89:	561A          			ENDM
  90:			
  91:			; SEL convert digit 7 segment
  92:			;    c -- 7-seg
  93:	561A          	head CONV7,CONV7,docode
  93:	561A  0756    			DW link
  93:	561C  00      			DB 0
  93:	561D          	link    DEFL $
  93:	561D  05      			DB CONV7 - $ -1
  93:	561E  434F4E56			DB 'CONV7'
	      37
  93:	5623          	CONV7:
  93:	0000          	IF  !(docode=DOCODE)
  93:					call docode
  93:			ENDIF
  93:	5623          			ENDM
  94:	5623  79      	    ld a,c
  95:	5624  CD0000  	    call conv7seg
U 'conv7seg' Undeclared
  96:	5627  4F      	    ld c,a
  97:	5628  0600    	    ld b,0
  98:	562A          	    next
  98:	562A  EB      			ex de,hl
  98:	562B          			nexthl
  98:	562B  5E      			ld e,(hl)
  98:	562C  23      			inc hl
  98:	562D  56      			ld d,(hl)
  98:	562E  23      			inc hl
  98:	562F  EB      			ex de,hl
  98:	5630  E9      			jp (hl)
  98:	5631          			ENDM
  98:	5631          			ENDM
  99:			
 100:			; SEL keypress status
 101:			;    -- flag
 102:	5631          	head KEYST,KEYST,docode
 102:	5631  1D56    			DW link
 102:	5633  00      			DB 0
 102:	5634          	link    DEFL $
 102:	5634  05      			DB KEYST - $ -1
 102:	5635  4B455953			DB 'KEYST'
	      54
 102:	563A          	KEYST:
 102:	0000          	IF  !(docode=DOCODE)
 102:					call docode
 102:			ENDIF
 102:	563A          			ENDM
 103:	563A  C5      	    push bc
 104:	563B  CD0000  	    call keystat
U 'keystat' Undeclared
 105:	563E  CA4356  	    jz pad1
 106:	5641  3EFF    	    ld  a,-1
 107:	5643  47      	pad1:ld b,a
 108:	5644  4F      	    ld c,a
 109:	5645          	    next
 109:	5645  EB      			ex de,hl
 109:	5646          			nexthl
 109:	5646  5E      			ld e,(hl)
 109:	5647  23      			inc hl
 109:	5648  56      			ld d,(hl)
 109:	5649  23      			inc hl
 109:	564A  EB      			ex de,hl
 109:	564B  E9      			jp (hl)
 109:	564C          			ENDM
 109:	564C          			ENDM
 110:			
**** /home/juergen/Projects/zilogz80-code/SELZ80Trainer/ROMS/camel80.z80 ****
1063:			
1064:	5634          	lastword EQU link   ; nfa of last word in dict.
1065:	564C ..5FFF FF		dc SELNOTUSED + 2000h -$, 0FFh
1066:	6000          	enddict EQU $       ; user's code starts here
1067:			
1068:	4000          		end SELNOTUSED



Error + Warning report:

    14 errors
     0 warnings
     1 F -- Syntax error
     1 P -- Phase error
    12 U -- Undeclared error

     2	passes
     0	jr promotions
   417	symbols
  8192	bytes

   366	macro calls
   307	macro bytes
     0	invented symbols



Symbol Table:

?AND            42FC      17148
?ELSE           5337      21303
?IF             530B      21259
?MAX            4A36      18998
?MIN            4A4E      19022
?MOD            4A01      18945
?OR             4310      17168
?SPACE          4B12      19218
?WORD           4E33      20019
?XOR            4325      17189
ABORT           5100      20736
ABORTQUOTE      512E      20782
ABS             48FC      18684
ACC1            4B81      19329
ACC3            4BAF      19375
ACC4            4BB9      19385
ACC5            4BBD      19389
ACCEPT          4B76      19318
AGAIN           5377      21367
ALIGN           46DF      18143
ALIGNED         46F1      18161
ALLOT           4DAB      19883
BASE            4821      18465
BEGIN           5355      21333
BL              47E1      18401
BRACCHAR        5172      20850
BRACTICK        52BB      21179
BRK            =06        6
BUSDecoder_1D  =1D        29
BUSDecoder_1E  =1E        30
BUSDecoder_1F  =1F        31
BUSDecoder_1c  =1C        28
BYE             4131      16689
BinIO_PC       =0C        12
BinIO_PD       =0D        13
BinIO_PE       =0E        14
BinIO_PF       =0F        15
BlankPort_16   =16        22
BlankPort_16mirrow=17        23
CCOMMA          4DD0      19920
CELL            46FB      18171
CELLPLUS        4709      18185
CELLS           471B      18203
CEXIT           47AA      18346
CFETCH          428C      17036
CHAR            515B      20827
CHARPLUS        4727      18215
CHARS           4733      18227
CLFIFO         =C2        194
CMOVE           4626      17958
CMOVEUP         4644      17988
COLD            5531      21809
COLON           5297      21143
COMMA           4DB9      19897
COMMABRANCH     47C0      18368
COMMACF         4777      18295
COMMADEST       47CC      18380
COMMAXT         4755      18261
CONSTANT        4099      16537
CONV7           5623      22051
COUNT           4AE5      19173
CR              4AF8      19192
CREATE          519D      20893
CSTORE          4269      17001
DABS            4944      18756
DB              49CD      18893
DECIMAL         4D70      19824
DELAY5          560E      22030
DEPTH           54A8      21672
DIGITQ          4F2E      20270
DISPLAYB        55AA      21930
DISPLAYW        55C4      21956
DNEG1           493A      18746
DNEGATE         4910      18704
DO              53DB      21467
DOCODE         =00        0
DOES            51E7      20967
DOT             4D4A      19786
DOTQUOTE        4C30      19504
DOTS            5500      21760
DOTS1           5519      21785
DOTS2           5527      21799
DP              483A      18490
DROP            415E      16734
DSRD           =07        7
DTR            =01        1
DUP             413B      16699
EH             =07        7
EMIT            40EF      16623
ENDLOOP         53F9      21497
ENVIRONMENTQ2   54C7      21703
EQUAL           442A      17450
ER             =04        4
EVALUATE        5093      20627
EXECUTE         4052      16466
EXIT            4021      16417
FE             =05        5
FETCH           427A      17018
FIFOMSK        =07        7
FILL            45FF      17919
FIND            4EC5      20165
FIND1           4ECC      20172
FIND2           4EE4      20196
FIND3           4F02      20226
FMMOD1          49C4      18884
FMMOD2          49C8      18888
FMSLASHMOD      49A5      18853
GETHEXB         55DC      21980
GETHEXW         55F5      22005
GREATER         446C      17516
HERE            4D99      19865
HEX             4D84      19844
HIDE            523C      21052
HOLD            4C86      19590
HP              4864      18532
IC8279_Ctrl    =01        1
IC8279_Ctrl_mirrow=03        3
IC8279_Data    =00        0
IC8279_Data_mirrow=02        2
II              4540      17728
IMMEDIATE       5281      21121
IMMEDQ          4EB4      20148
INTER1          5037      20535
INTER2          505F      20575
INTER3          5061      20577
INTER4          5065      20581
INTER5          5071      20593
INTER6          507F      20607
INTER8          507F      20607
INTER9          5083      20611
INTERPRET       5028      20520
INVERT          433D      17213
IR             =06        6
JJ              455E      17758
KBMASK         =1F        31
KEY             411C      16668
KEYST           563A      22074
KeyCode_0      =1B        27
KeyCode_1      =1A        26
KeyCode_2      =19        25
KeyCode_3      =18        24
KeyCode_4      =13        19
KeyCode_5      =12        18
KeyCode_6      =11        17
KeyCode_7      =10        16
KeyCode_8      =0B        11
KeyCode_9      =0A        10
KeyCode_??     =07        7
KeyCode_A      =09        9
KeyCode_B      =08        8
KeyCode_BP     =0E        14
KeyCode_C      =03        3
KeyCode_D      =02        2
KeyCode_E      =01        1
KeyCode_EN     =1E        30
KeyCode_EX     =0F        15
KeyCode_F      =00        0
KeyCode_IN     =16        22
KeyCode_MINUS  =15        21
KeyCode_MM     =04        4
KeyCode_PLUS   =14        20
KeyCode_RG     =1F        31
KeyCode_RL     =17        23
KeyCode_RN     =05        5
KeyCode_SA     =1D        29
KeyCode_SD     =1C        28
KeyCode_SS     =06        6
KeyCode_TR     =0C        12
KeyCode_TW     =0D        13
L0              4891      18577
LATEST          4859      18521
LEAVE           5440      21568
LEDS            557E      21886
LEFTBRACKET     5215      21013
LESS            444E      17486
LESSNUM         4C9F      19615
LFROM           53C2      21442
LITER1          4F22      20258
LITERAL         4F0F      20239
LOOP            5418      21528
LOOP1           5400      21504
LOOP2           540E      21518
LP              486F      18543
LS73_90_P8     =08        8
LS73_90_P9     =09        9
LS73_90_PA     =0A        10
LS73_90_PB     =0B        11
LSD            =0F        15
LSHIFT          43BA      17338
MAX1            4A43      19011
MIN1            4A5B      19035
MINUS           42E8      17128
MOVE            547C      21628
MOVE1           5499      21657
MOVE2           549D      21661
MPLUS           42D1      17105
MSTAR           4953      18771
NEGATE          4354      17236
NFATOCFA        4E9B      20123
NFATOLFA        4E85      20101
NINIT           48C8      18632
NIP             41A7      16807
NOTEQUAL        4440      17472
NUM             4CD4      19668
NUMGREATER      4D02      19714
NUMS            4CEB      19691
NUMS1           4CEE      19694
OE             =04        4
ONEMINUS        4376      17270
ONEPLUS         4368      17256
OVER            4181      16769
PAD             4886      18566
PAREN           5186      20870
PCFETCH         42B0      17072
PCSTORE         429E      17054
PE             =03        3
PIO_8255_CntrlStatus=07        7
PIO_8255_PortA =04        4
PIO_8255_PortB =05        5
PIO_8255_PortC =06        6
PLUS            42C0      17088
PLUSLOOP        542C      21548
PLUSSTORE       43EF      17391
POST1           5301      21249
POST2           5303      21251
POSTPONE        52D6      21206
QABO1           5120      20768
QABORT          5113      20755
QDNEGATE        492F      18735
QDUP            414B      16715
QNEG1           48F3      18675
QNEGATE         48E8      18664
QNUM1           5009      20489
QNUM2           5015      20501
QNUM3           5019      20505
QNUMBER         4FE2      20450
QSIGN           4F6A      20330
QSIGN1          4F95      20373
QUIT            50BE      20670
QUIT1           50D3      20691
QUIT2           50F3      20723
R0              489C      18588
RECURSE         5203      20995
REPEAT          539A      21402
REVEAL          525D      21085
RFETCH          41F7      16887
RFROM           41DF      16863
RIGHTBRACKET    5227      21031
ROT             4194      16788
RPFETCH         4233      16947
RPSTORE         4245      16965
RSHIFT          43D5      17365
RTS            =05        5
RxEN           =02        2
RxRDY          =01        1
S0              487A      18554
SBRK           =03        3
SELNOTUSED     =4000      16384
SELRAMEND      =FFFF      65535
SELRAMSTART    =1000      4096
SELTIB         =1000      4096
SELTIBSIZE     =80        128
SEMICOLON       52A9      21161
SIGN            4D1B      19739
SIGN1           4D2A      19754
SIO8251_CntrPort=19        25
SIO8251_Dataport=18        24
SLASH           49F1      18929
SLASHMOD        49DF      18911
SLASHSTRING     4DFF      19967
SMSLASHREM      4976      18806
SOURCE          4DEB      19947
SPACES          4B25      19237
SPCS1           4B28      19240
SPCS2           4B36      19254
SPFETCH         420C      16908
SPSTORE         4221      16929
SQUOTE          4C11      19473
SSMOD           4A13      18963
STAR            49CE      18894
STARSLASH       4A26      18982
STATE           482F      18479
STOD            48D4      18644
STORCOLON       4790      18320
STORE           4255      16981
STORECF         475F      18271
STOREDEST       47D8      18392
SWITCH          5593      21907
SWOP            416E      16750
THEN            5324      21284
TIB             47FD      18429
TIBSIZE         47F1      18417
TICK            5140      20800
TICKSOURCE      484A      18506
TOBODY          473E      18238
TOCOUNTED       4E1C      19996
TODIGIT         4CB4      19636
TOIN            4814      18452
TOL             53AB      21419
TONUM1          4FA5      20389
TONUM2          4FBB      20411
TONUM3          4FD5      20437
TONUMBER        4FA2      20386
TOR             41C7      16839
TUCK            41B8      16824
TWODROP         4A92      19090
TWODUP          4AA3      19107
TWOFETCH        4A65      19045
TWOOVER         4ACB      19147
TWOSLASH        43A5      17317
TWOSTAR         4394      17300
TWOSTORE        4A7A      19066
TWOSWAP         4AB5      19125
TYP3            4BE0      19424
TYP4            4BEE      19438
TYP5            4BF0      19440
TYPE            4BCF      19407
TxEMPTY        =02        2
TxEN           =00        0
TxRDY          =00        0
U0              4808      18440
UDOT            4D32      19762
UDSLASHMOD      4C47      19527
UDSTAR          4C67      19559
UGREATER        448F      17551
UINIT           48AA      18602
ULESS           447B      17531
UMAX            4B5B      19291
UMAX1           4B68      19304
UMIN            4B42      19266
UMIN1           4B4F      19279
UMSLASHMOD      45C4      17860
UMSTAR          4597      17815
UNLOOP          4581      17793
UNTIL           5361      21345
USER            40B6      16566
UserDisplay_1  =10        16
UserDisplay_2  =11        17
UserDisplay_3  =12        18
UserDisplay_4  =13        19
UserDisplay_5  =14        20
UserDisplay_6  =15        21
VARIABLE        4073      16499
WDS1            54E2      21730
WHILE           538D      21389
WITHIN          5463      21603
WORD1           4E58      20056
WORDS           54DB      21723
WRDIS          =80        128
XDOES           51CF      20943
XSQUOTE         4BFA      19450
ZEROEQUAL       4405      17413
ZEROLESS        4419      17433
branch          44A2      17570
cmovedone       4631      17969
dobranch        44A2      17570
docolon         4056      16470
docon           40A2      16546
docreate        4082      16514
dodoes          40D1      16593
douser          40BF      16575
dovar           4082      16514
enddict        =6000      24576
enter           4056      16470
filldone        4614      17940
intro           556D      21869
key0            410C      16652
lastword       =5634      22068
link           =5634      22068
lit             4039      16441
loopterm        4519      17689
looptst         4503      17667
lsh1            43BF      17343
lsh2            43C0      17344
mplus1          42DA      17114
noadd           45AC      17836
noop            46DF      18143
pad1            5643      22083
poptos          415E      16734
pushtos         413B      16699
qbranch         44B8      17592
querykey        4103      16643
reset           4000      16384
revsense        4462      17506
rsh1            43DA      17370
rsh2            43DE      17374
scan            468D      18061
scandone        469D      18077
sdiff           46C6      18118
seg7A          =10        16
seg7B          =20        32
seg7C          =40        64
seg7D          =80        128
seg7E          =01        1
seg7F          =02        2
seg7G          =04        4
seg7P          =08        8
selinit         556E      21870
sequal          46AE      18094
skip            4665      18021
skipdone        467A      18042
skiploop        466F      18031
skipmis         4678      18040
sloop           46B7      18103
smatch          46C0      18112
snext           46CE      18126
swapbytes       4384      17284
tosfalse        4430      17456
tostrue         4458      17496
udiv3           45D9      17881
udiv4           45DF      17887
udloop          45CF      17871
umloop          45A1      17825
umovedone       4654      18004
xdo             44CE      17614
xloop           44FF      17663
xplusloop       4533      17715
